{
  "type": "FeatureCollection",
  "features": [
    {
      "type": "Feature",
      "properties": {
        "id": "033",
        "name": "EA 33",
        "status": "Enumeration Area",
        "area_km2": 0.005,
        "population_2001": 9,
        "population_2012": 2,
        "population_2022": 0,
        "density_2022": null,
        "longitude": -5.352296,
        "latitude": 36.136445
      },
      "geometry": {
        "type": "MultiPolygon",
        "coordinates": [
          [
            [
              [
                -595793.0466746795,
                4319470.853107982
              ],
              [
                -595794.1598695874,
                4319439.150395806
              ],
              [
                -595793.0466746795,
                4319410.204522368
              ],
              [
                -595780.8015306923,
                4319321.989004923
              ],
              [
                -595777.4619459684,
                4319308.205395317
              ],
              [
                -595819.7633524698,
                4319302.691956392
              ],
              [
                -595840.9140557206,
                4319432.258514152
              ],
              [
                -595840.9140557206,
                4319443.285526908
              ],
              [
                -595840.9140557206,
                4319468.096346713
              ],
              [
                -595793.0466746795,
                4319470.853107982
              ],
              [
                -595793.0466746795,
                4319470.853107982
              ]
            ]
          ]
        ]
      }
    },
    {
      "type": "Feature",
      "properties": {
        "id": "016",
        "name": "EA 16",
        "status": "Enumeration Area",
        "area_km2": 0.006,
        "population_2001": 61,
        "population_2012": 64,
        "population_2022": 58,
        "density_2022": 9666.67,
        "longitude": -5.354079,
        "latitude": 36.143395
      },
      "geometry": {
        "type": "MultiPolygon",
        "coordinates": [
          [
            [
              [
                -595984.516198844,
                4320431.627207788
              ],
              [
                -595995.6481479232,
                4320339.267883066
              ],
              [
                -596003.4405122787,
                4320231.746080821
              ],
              [
                -596005.6669020946,
                4320216.582835749
              ],
              [
                -596039.0627493326,
                4320219.339787818
              ],
              [
                -596039.0627493326,
                4320325.482976881
              ],
              [
                -596036.8363595167,
                4320362.702263911
              ],
              [
                -596027.9308002533,
                4320412.328179221
              ],
              [
                -596017.9120460819,
                4320446.790754397
              ],
              [
                -595984.516198844,
                4320431.627207788
              ],
              [
                -595984.516198844,
                4320431.627207788
              ]
            ]
          ]
        ]
      }
    },
    {
      "type": "Feature",
      "properties": {
        "id": "038",
        "name": "EA 38",
        "status": "Enumeration Area",
        "area_km2": 0.008,
        "population_2001": 122,
        "population_2012": 82,
        "population_2022": 61,
        "density_2022": 7625.0,
        "longitude": -5.350663,
        "latitude": 36.14152
      },
      "geometry": {
        "type": "MultiPolygon",
        "coordinates": [
          [
            [
              [
                -595548.1437949343,
                4320209.6904586535
              ],
              [
                -595571.5208880008,
                4320165.579349264
              ],
              [
                -595604.9167352389,
                4320091.142260163
              ],
              [
                -595643.8785570165,
                4319979.487587177
              ],
              [
                -595660.5764806354,
                4319945.026501156
              ],
              [
                -595661.6896755435,
                4319965.70313959
              ],
              [
                -595670.5952348069,
                4320089.763800383
              ],
              [
                -595668.368844991,
                4320106.305329352
              ],
              [
                -595669.482039899,
                4320131.1176702455
              ],
              [
                -595668.368844991,
                4320154.551600029
              ],
              [
                -595647.2181417403,
                4320155.930068069
              ],
              [
                -595632.7466079372,
                4320166.957818708
              ],
              [
                -595622.7278537658,
                4320182.120994199
              ],
              [
                -595599.3507606992,
                4320195.905717641
              ],
              [
                -595571.5208880008,
                4320205.555034504
              ],
              [
                -595563.7285236453,
                4320204.17656014
              ],
              [
                -595548.1437949343,
                4320209.6904586535
              ],
              [
                -595548.1437949343,
                4320209.6904586535
              ]
            ]
          ]
        ]
      }
    },
    {
      "type": "Feature",
      "properties": {
        "id": "010",
        "name": "EA 10",
        "status": "Enumeration Area",
        "area_km2": 0.049,
        "population_2001": 45,
        "population_2012": 35,
        "population_2022": 64,
        "density_2022": 1306.12,
        "longitude": -5.353063,
        "latitude": 36.144989
      },
      "geometry": {
        "type": "MultiPolygon",
        "coordinates": [
          [
            [
              [
                -595631.6334130293,
                4320601.184439391
              ],
              [
                -595685.06676861,
                4320555.693213851
              ],
              [
                -595711.7834464004,
                4320592.91329324
              ],
              [
                -595717.34942094,
                4320599.805914593
              ],
              [
                -595721.8022005719,
                4320602.562964364
              ],
              [
                -595762.9904121653,
                4320576.371019917
              ],
              [
                -595783.0279205081,
                4320561.207291603
              ],
              [
                -595785.254310324,
                4320557.071733026
              ],
              [
                -595789.7070899558,
                4320539.150997468
              ],
              [
                -595834.234886273,
                4320514.33772034
              ],
              [
                -595864.2911487871,
                4320479.874929896
              ],
              [
                -595891.0078265775,
                4320457.81880165
              ],
              [
                -595903.2529705649,
                4320474.360893617
              ],
              [
                -595978.9502243042,
                4320428.870201598
              ],
              [
                -596022.3648257136,
                4320449.547765156
              ],
              [
                -596052.4210882278,
                4320471.603876531
              ],
              [
                -596065.7794271229,
                4320535.015447326
              ],
              [
                -596081.364155834,
                4320591.534769497
              ],
              [
                -596082.477350742,
                4320605.320014837
              ],
              [
                -596072.4585965707,
                4320612.212644099
              ],
              [
                -595980.0634192122,
                4320649.43291803
              ],
              [
                -595946.6675719742,
                4320664.596770063
              ],
              [
                -595941.1015974346,
                4320672.867971045
              ],
              [
                -595937.7620127107,
                4320674.246505157
              ],
              [
                -595912.1585298283,
                4320701.817224301
              ],
              [
                -595868.743928419,
                4320758.33741832
              ],
              [
                -595863.1779538792,
                4320761.094508511
              ],
              [
                -595847.5932251683,
                4320761.094508511
              ],
              [
                -595834.234886273,
                4320754.201784349
              ],
              [
                -595786.3675052319,
                4320721.116769533
              ],
              [
                -595776.3487510605,
                4320715.602610236
              ],
              [
                -595728.4813700194,
                4320712.845531643
              ],
              [
                -595701.764692229,
                4320716.981149796
              ],
              [
                -595692.8591329656,
                4320719.738229443
              ],
              [
                -595701.764692229,
                4320700.438686674
              ],
              [
                -595708.4438616766,
                4320660.461171944
              ],
              [
                -595708.4438616766,
                4320646.675856307
              ],
              [
                -595702.8778871369,
                4320632.890558243
              ],
              [
                -595698.4251075052,
                4320624.619387842
              ],
              [
                -595678.3875991624,
                4320612.212644099
              ],
              [
                -595656.1237010037,
                4320605.320014837
              ],
              [
                -595631.6334130293,
                4320601.184439391
              ],
              [
                -595631.6334130293,
                4320601.184439391
              ]
            ]
          ]
        ]
      }
    },
    {
      "type": "Feature",
      "properties": {
        "id": "037",
        "name": "EA 37",
        "status": "Enumeration Area",
        "area_km2": 0.009,
        "population_2001": 53,
        "population_2012": 45,
        "population_2022": 70,
        "density_2022": 7777.78,
        "longitude": -5.351289,
        "latitude": 36.140757
      },
      "geometry": {
        "type": "MultiPolygon",
        "coordinates": [
          [
            [
              [
                -595668.368844991,
                4320154.551600029
              ],
              [
                -595669.482039899,
                4320131.1176702455
              ],
              [
                -595668.368844991,
                4320106.305329352
              ],
              [
                -595670.5952348069,
                4320089.763800383
              ],
              [
                -595661.6896755435,
                4319965.70313959
              ],
              [
                -595685.06676861,
                4319949.16182568
              ],
              [
                -595702.8778871369,
                4319943.64806
              ],
              [
                -595714.0098362163,
                4319942.269619018
              ],
              [
                -595728.4813700194,
                4319946.404942488
              ],
              [
                -595737.3869292829,
                4319957.432479473
              ],
              [
                -595746.2924885462,
                4319972.595361187
              ],
              [
                -595742.9529038225,
                4319982.244478802
              ],
              [
                -595747.4056834541,
                4320034.625553218
              ],
              [
                -595734.047344559,
                4320037.382458899
              ],
              [
                -595725.1417852956,
                4320062.194641659
              ],
              [
                -595732.9341496511,
                4320107.683791241
              ],
              [
                -595742.9529038225,
                4320143.523862041
              ],
              [
                -595707.3306667687,
                4320135.253065929
              ],
              [
                -595678.3875991624,
                4320147.659262469
              ],
              [
                -595668.368844991,
                4320154.551600029
              ],
              [
                -595668.368844991,
                4320154.551600029
              ]
            ]
          ]
        ]
      }
    },
    {
      "type": "Feature",
      "properties": {
        "id": "014",
        "name": "EA 14",
        "status": "Enumeration Area",
        "area_km2": 0.007,
        "population_2001": 113,
        "population_2012": 105,
        "population_2022": 73,
        "density_2022": 10428.57,
        "longitude": -5.353593,
        "latitude": 36.142702
      },
      "geometry": {
        "type": "MultiPolygon",
        "coordinates": [
          [
            [
              [
                -595914.3849196441,
                4320339.267883066
              ],
              [
                -595922.1772839996,
                4320205.555034504
              ],
              [
                -596005.6669020946,
                4320217.961311696
              ],
              [
                -596003.4405122787,
                4320231.746080821
              ],
              [
                -595995.6481479232,
                4320339.267883066
              ],
              [
                -595926.6300636315,
                4320339.267883066
              ],
              [
                -595914.3849196441,
                4320339.267883066
              ],
              [
                -595914.3849196441,
                4320339.267883066
              ]
            ]
          ]
        ]
      }
    },
    {
      "type": "Feature",
      "properties": {
        "id": "018",
        "name": "EA 18",
        "status": "Enumeration Area",
        "area_km2": 0.008,
        "population_2001": 88,
        "population_2012": 118,
        "population_2022": 83,
        "density_2022": 10375.0,
        "longitude": -5.354053,
        "latitude": 36.141244
      },
      "geometry": {
        "type": "MultiPolygon",
        "coordinates": [
          [
            [
              [
                -596005.6669020946,
                4320216.582835749
              ],
              [
                -596006.7800970026,
                4320202.798085951
              ],
              [
                -596016.798851174,
                4320111.819177963
              ],
              [
                -595941.1015974346,
                4320103.5484061
              ],
              [
                -595948.8939617901,
                4320067.7084677825
              ],
              [
                -595954.4599363297,
                4320029.111743964
              ],
              [
                -595960.0259108694,
                4320030.490196013
              ],
              [
                -595998.9877326471,
                4320033.24710064
              ],
              [
                -596075.7981812943,
                4320045.653180161
              ],
              [
                -596044.6287238722,
                4320169.714758124
              ],
              [
                -596039.0627493326,
                4320219.339787818
              ],
              [
                -596005.6669020946,
                4320216.582835749
              ],
              [
                -596005.6669020946,
                4320216.582835749
              ]
            ]
          ]
        ]
      }
    },
    {
      "type": "Feature",
      "properties": {
        "id": "017",
        "name": "EA 17",
        "status": "Enumeration Area",
        "area_km2": 0.005,
        "population_2001": 76,
        "population_2012": 96,
        "population_2022": 91,
        "density_2022": 18200.0,
        "longitude": -5.3537,
        "latitude": 36.14187
      },
      "geometry": {
        "type": "MultiPolygon",
        "coordinates": [
          [
            [
              [
                -595922.1772839996,
                4320205.555034504
              ],
              [
                -595931.0828432632,
                4320158.687004674
              ],
              [
                -595934.422427987,
                4320138.009997264
              ],
              [
                -595941.1015974346,
                4320103.5484061
              ],
              [
                -596016.798851174,
                4320111.819177963
              ],
              [
                -596006.7800970026,
                4320202.798085951
              ],
              [
                -596005.6669020946,
                4320216.582835749
              ],
              [
                -596005.6669020946,
                4320217.961311696
              ],
              [
                -595922.1772839996,
                4320205.555034504
              ],
              [
                -595922.1772839996,
                4320205.555034504
              ]
            ]
          ]
        ]
      }
    },
    {
      "type": "Feature",
      "properties": {
        "id": "021",
        "name": "EA 21",
        "status": "Enumeration Area",
        "area_km2": 0.035,
        "population_2001": 130,
        "population_2012": 102,
        "population_2022": 96,
        "density_2022": 2742.86,
        "longitude": -5.353865,
        "latitude": 36.137461
      },
      "geometry": {
        "type": "MultiPolygon",
        "coordinates": [
          [
            [
              [
                -595958.9127159615,
                4319672.098578595
              ],
              [
                -595948.8939617901,
                4319647.2872908
              ],
              [
                -595917.724504368,
                4319548.042708812
              ],
              [
                -595909.9321400125,
                4319517.718157072
              ],
              [
                -595906.5925552886,
                4319490.150456542
              ],
              [
                -595904.3661654728,
                4319411.582895536
              ],
              [
                -595905.4793603807,
                4319361.961572118
              ],
              [
                -595909.9321400125,
                4319334.394268588
              ],
              [
                -595898.800190933,
                4319266.854671888
              ],
              [
                -595886.5550469458,
                4319215.855664048
              ],
              [
                -595954.4599363297,
                4319204.828883161
              ],
              [
                -595958.9127159615,
                4319206.207230156
              ],
              [
                -595966.705080317,
                4319224.125757094
              ],
              [
                -596005.6669020946,
                4319357.826472108
              ],
              [
                -596024.5912155295,
                4319441.907149698
              ],
              [
                -596026.8176053453,
                4319462.582826281
              ],
              [
                -596031.2703849771,
                4319480.501777959
              ],
              [
                -596043.5155289645,
                4319513.582997512
              ],
              [
                -596052.4210882278,
                4319525.988480932
              ],
              [
                -596059.1002576754,
                4319546.664318251
              ],
              [
                -596072.4585965707,
                4319575.610556903
              ],
              [
                -596082.477350742,
                4319661.071332548
              ],
              [
                -596081.364155834,
                4319688.639468746
              ],
              [
                -596039.0627493326,
                4319691.3962862305
              ],
              [
                -596009.0064868184,
                4319691.3962862305
              ],
              [
                -595987.8557835678,
                4319680.369020509
              ],
              [
                -595958.9127159615,
                4319672.098578595
              ],
              [
                -595958.9127159615,
                4319672.098578595
              ]
            ]
          ]
        ]
      }
    },
    {
      "type": "Feature",
      "properties": {
        "id": "015",
        "name": "EA 15",
        "status": "Enumeration Area",
        "area_km2": 0.009,
        "population_2001": 98,
        "population_2012": 112,
        "population_2022": 101,
        "density_2022": 11222.22,
        "longitude": -5.3533,
        "latitude": 36.14358
      },
      "geometry": {
        "type": "MultiPolygon",
        "coordinates": [
          [
            [
              [
                -595867.630733511,
                4320342.024866412
              ],
              [
                -595892.1210214854,
                4320340.646374652
              ],
              [
                -595926.6300636315,
                4320339.267883066
              ],
              [
                -595995.6481479232,
                4320339.267883066
              ],
              [
                -595984.516198844,
                4320431.627207788
              ],
              [
                -595978.9502243042,
                4320428.870201598
              ],
              [
                -595903.2529705649,
                4320474.360893617
              ],
              [
                -595891.0078265775,
                4320457.81880165
              ],
              [
                -595892.1210214854,
                4320450.926270799
              ],
              [
                -595870.9703182348,
                4320442.655239578
              ],
              [
                -595867.630733511,
                4320358.566781249
              ],
              [
                -595867.630733511,
                4320342.024866412
              ],
              [
                -595867.630733511,
                4320342.024866412
              ]
            ]
          ]
        ]
      }
    },
    {
      "type": "Feature",
      "properties": {
        "id": "069",
        "name": "EA 69",
        "status": "Enumeration Area",
        "area_km2": 0.019,
        "population_2001": -1,
        "population_2012": 76,
        "population_2022": 106,
        "density_2022": 5578.95,
        "longitude": -5.356922,
        "latitude": 36.134542
      },
      "geometry": {
        "type": "MultiPolygon",
        "coordinates": [
          [
            [
              [
                -596171.5329433767,
                4319435.015266286
              ],
              [
                -596154.8350197576,
                4319385.393835363
              ],
              [
                -596165.966968837,
                4319382.637095876
              ],
              [
                -596168.1933586529,
                4319385.393835363
              ],
              [
                -596299.5503577889,
                4319341.286087885
              ],
              [
                -596312.908696684,
                4319381.258726396
              ],
              [
                -596182.6648924559,
                4319426.74501199
              ],
              [
                -596182.6648924559,
                4319430.880138348
              ],
              [
                -596181.551697548,
                4319432.258514152
              ],
              [
                -596171.5329433767,
                4319435.015266286
              ],
              [
                -596171.5329433767,
                4319435.015266286
              ]
            ]
          ],
          [
            [
              [
                -596297.323967973,
                4319028.401917761
              ],
              [
                -596305.1163323285,
                4319025.64526926
              ],
              [
                -596306.2295272364,
                4319028.401917761
              ],
              [
                -596309.5691119604,
                4319027.023593423
              ],
              [
                -596324.0406457634,
                4319068.373399974
              ],
              [
                -596328.4934253951,
                4319066.995070542
              ],
              [
                -596330.719815211,
                4319055.968441411
              ],
              [
                -596335.1725948426,
                4319047.6984769385
              ],
              [
                -596338.5121795665,
                4319050.45513106
              ],
              [
                -596336.2857897506,
                4319071.130059363
              ],
              [
                -596340.7385693825,
                4319072.508389324
              ],
              [
                -596348.5309337379,
                4319093.183359781
              ],
              [
                -596365.2288573569,
                4319129.020068859
              ],
              [
                -596377.4740013442,
                4319168.991922908
              ],
              [
                -596380.813586068,
                4319195.180459104
              ],
              [
                -596413.096238398,
                4319258.584546174
              ],
              [
                -596424.2281874773,
                4319288.908371377
              ],
              [
                -596426.4545772932,
                4319313.718837051
              ],
              [
                -596417.5490180297,
                4319335.772632097
              ],
              [
                -596400.8510944108,
                4319346.799546482
              ],
              [
                -596391.9455351472,
                4319348.177911571
              ],
              [
                -596386.3795606076,
                4319363.339939139
              ],
              [
                -596389.7191453314,
                4319370.231776877
              ],
              [
                -596386.3795606076,
                4319384.015465532
              ],
              [
                -596378.5871962521,
                4319379.88035709
              ],
              [
                -596377.4740013442,
                4319375.745250232
              ],
              [
                -596373.0212217125,
                4319370.231776877
              ],
              [
                -596373.0212217125,
                4319360.583205272
              ],
              [
                -596370.7948318966,
                4319352.313007889
              ],
              [
                -596365.2288573569,
                4319353.691373683
              ],
              [
                -596349.6441286458,
                4319344.042816832
              ],
              [
                -596345.191349014,
                4319350.934642275
              ],
              [
                -596335.1725948426,
                4319342.66445227
              ],
              [
                -596352.9837133696,
                4319320.610643171
              ],
              [
                -596263.928120735,
                4319091.805027188
              ],
              [
                -596312.908696684,
                4319072.508389324
              ],
              [
                -596297.323967973,
                4319028.401917761
              ],
              [
                -596297.323967973,
                4319028.401917761
              ]
            ]
          ]
        ]
      }
    },
    {
      "type": "Feature",
      "properties": {
        "id": "062",
        "name": "EA 62",
        "status": "Enumeration Area",
        "area_km2": 0.39,
        "population_2001": 105,
        "population_2012": 97,
        "population_2022": 111,
        "density_2022": 284.62,
        "longitude": -5.345909,
        "latitude": 36.114966
      },
      "geometry": {
        "type": "MultiPolygon",
        "coordinates": [
          [
            [
              [
                -595028.2817729296,
                4317148.530750882
              ],
              [
                -594903.6039432412,
                4317154.043092032
              ],
              [
                -594876.8872654508,
                4317155.421177758
              ],
              [
                -594860.189341832,
                4317151.286921106
              ],
              [
                -594851.2837825684,
                4317154.043092032
              ],
              [
                -594843.4914182129,
                4317158.177349737
              ],
              [
                -594823.4539098701,
                4317198.14192233
              ],
              [
                -594813.4351556987,
                4317222.947593357
              ],
              [
                -594812.3219607907,
                4317247.753321255
              ],
              [
                -594805.6427913432,
                4317258.778107464
              ],
              [
                -594790.0580626321,
                4317268.424804613
              ],
              [
                -594770.0205542892,
                4317287.71822471
              ],
              [
                -594760.0018001178,
                4317308.389784423
              ],
              [
                -594752.2094357623,
                4317316.658419367
              ],
              [
                -594744.4170714068,
                4317320.792739208
              ],
              [
                -594735.5115121434,
                4317323.548953313
              ],
              [
                -594729.9455376038,
                4317320.792739208
              ],
              [
                -594725.492757972,
                4317311.145995369
              ],
              [
                -594725.492757972,
                4317302.877364638
              ],
              [
                -594729.9455376038,
                4317290.47443039
              ],
              [
                -594729.9455376038,
                4317268.424804613
              ],
              [
                -594727.7191477879,
                4317261.534305771
              ],
              [
                -594727.7191477879,
                4317254.643811318
              ],
              [
                -594732.1719274196,
                4317242.240932363
              ],
              [
                -594746.6434612226,
                4317182.982929141
              ],
              [
                -594753.3226306703,
                4317170.58013233
              ],
              [
                -594756.6622153941,
                4317169.202044674
              ],
              [
                -594761.1149950258,
                4317158.177349737
              ],
              [
                -594761.1149950258,
                4317144.396496863
              ],
              [
                -594755.5490204862,
                4317130.61566154
              ],
              [
                -594754.4358255782,
                4317085.1390295075
              ],
              [
                -594757.7754103021,
                4317060.333674415
              ],
              [
                -594757.7754103021,
                4317047.931018192
              ],
              [
                -594755.5490204862,
                4317032.772235451
              ],
              [
                -594746.6434612226,
                4317001.0766674355
              ],
              [
                -594744.4170714068,
                4316961.112822705
              ],
              [
                -594732.1719274196,
                4316901.856359102
              ],
              [
                -594692.096910734,
                4316790.234599738
              ],
              [
                -594689.8705209182,
                4316777.832253109
              ],
              [
                -594693.210105642,
                4316764.051884636
              ],
              [
                -594712.1344190768,
                4316730.979071905
              ],
              [
                -594721.0399783403,
                4316718.576793193
              ],
              [
                -594753.3226306703,
                4316691.016224722
              ],
              [
                -594777.8129186449,
                4316656.565612849
              ],
              [
                -594806.755986251,
                4316582.152665518
              ],
              [
                -594825.6802996859,
                4316554.592444513
              ],
              [
                -594835.6990538572,
                4316531.166311849
              ],
              [
                -594842.3782233049,
                4316509.118233315
              ],
              [
                -594844.6046131208,
                4316473.290201508
              ],
              [
                -594856.849757108,
                4316411.280426785
              ],
              [
                -594860.189341832,
                4316356.160925336
              ],
              [
                -594857.962952016,
                4316269.348279864
              ],
              [
                -594853.5101723843,
                4316237.6549479095
              ],
              [
                -594852.3969774763,
                4316219.741366559
              ],
              [
                -594853.5101723843,
                4316212.851535475
              ],
              [
                -594881.3400450826,
                4316160.488962577
              ],
              [
                -594895.8115788857,
                4316143.953465878
              ],
              [
                -594925.8678414,
                4316121.9061762495
              ],
              [
                -594964.8296631775,
                4316103.992786499
              ],
              [
                -594987.0935613362,
                4316097.103029106
              ],
              [
                -595004.9046798631,
                4316087.457376125
              ],
              [
                -595011.5838493108,
                4316073.677886779
              ],
              [
                -595020.4894085741,
                4316043.363071979
              ],
              [
                -595036.0741372852,
                4316022.693928757
              ],
              [
                -595053.8852558122,
                4316014.42628252
              ],
              [
                -595103.979026669,
                4315995.1351325335
              ],
              [
                -595113.9977808405,
                4315986.867507352
              ],
              [
                -595134.0352891834,
                4315960.686735946
              ],
              [
                -595150.7332128023,
                4315944.151544532
              ],
              [
                -595161.8651618815,
                4315940.0177506255
              ],
              [
                -595276.5242373986,
                4315955.175002666
              ],
              [
                -595339.9763471507,
                4315964.820537745
              ],
              [
                -595351.1082962302,
                4315968.954341127
              ],
              [
                -595358.9006605857,
                4315978.599888486
              ],
              [
                -595377.8249740206,
                4316013.048342096
              ],
              [
                -595398.9756772713,
                4316029.583638778
              ],
              [
                -595427.9187448774,
                4316083.32352748
              ],
              [
                -595460.2013972076,
                4316120.528222139
              ],
              [
                -595473.5597361028,
                4316127.417994444
              ],
              [
                -595476.8993208266,
                4316154.977127537
              ],
              [
                -595440.1638888648,
                4316179.780407325
              ],
              [
                -595436.824304141,
                4316188.048179888
              ],
              [
                -595434.5979143251,
                4316203.205779323
              ],
              [
                -595433.4847194172,
                4316254.190587783
              ],
              [
                -595421.2395754299,
                4316314.821483495
              ],
              [
                -595414.5604059823,
                4316336.869166157
              ],
              [
                -595367.8062198492,
                4316444.352262419
              ],
              [
                -595346.6555165985,
                4316510.496236907
              ],
              [
                -595338.863152243,
                4316518.764262147
              ],
              [
                -595332.1839827952,
                4316544.9463837445
              ],
              [
                -595336.636762427,
                4316568.372546242
              ],
              [
                -595334.4103726111,
                4316576.640615702
              ],
              [
                -595328.8443980715,
                4316584.908691478
              ],
              [
                -595317.7124489923,
                4316611.090973118
              ],
              [
                -595308.8068897288,
                4316612.468989696
              ],
              [
                -595305.467305005,
                4316619.359075218
              ],
              [
                -595298.7881355573,
                4316640.029358108
              ],
              [
                -595289.8825762938,
                4316653.809568639
              ],
              [
                -595280.9770170305,
                4316685.504119453
              ],
              [
                -595282.0902119383,
                4316700.662415702
              ],
              [
                -595303.240915189,
                4316725.46694628
              ],
              [
                -595311.0332795446,
                4316762.673848755
              ],
              [
                -595318.8256439001,
                4316783.344405412
              ],
              [
                -595322.165228624,
                4316804.015001555
              ],
              [
                -595319.9388388081,
                4316816.417378196
              ],
              [
                -595312.1464744526,
                4316830.197813356
              ],
              [
                -595303.240915189,
                4316855.002640873
              ],
              [
                -595301.0145253732,
                4316870.161174568
              ],
              [
                -595297.6749406494,
                4316874.295323808
              ],
              [
                -595285.4297966622,
                4316872.917273886
              ],
              [
                -595277.6374323067,
                4316878.429474627
              ],
              [
                -595269.8450679511,
                4316875.673373906
              ],
              [
                -595252.0339494243,
                4316893.588041143
              ],
              [
                -595227.5436614496,
                4316923.905237882
              ],
              [
                -595230.8832461735,
                4316940.441926453
              ],
              [
                -595225.3172716338,
                4316945.954161592
              ],
              [
                -595203.0533734751,
                4316956.978640296
              ],
              [
                -595181.9026702244,
                4316959.734761727
              ],
              [
                -595170.7707211451,
                4316969.381192263
              ],
              [
                -595118.4505604723,
                4316990.052143801
              ],
              [
                -595112.8845859326,
                4316996.942469755
              ],
              [
                -595112.8845859326,
                4317005.210866693
              ],
              [
                -595117.3373655643,
                4317017.613473946
              ],
              [
                -595099.5262470373,
                4317006.588933463
              ],
              [
                -595091.7338826818,
                4316998.320535473
              ],
              [
                -595073.922764155,
                4316961.112822705
              ],
              [
                -595066.1303997994,
                4316955.600579843
              ],
              [
                -595059.4512303518,
                4316952.844459466
              ],
              [
                -595052.7720609042,
                4316956.978640296
              ],
              [
                -595047.2060863646,
                4316963.868945188
              ],
              [
                -595043.8665016408,
                4316973.515379411
              ],
              [
                -595046.0928914567,
                4316987.296014648
              ],
              [
                -595053.8852558122,
                4317027.259956083
              ],
              [
                -595059.4512303518,
                4317041.040659768
              ],
              [
                -595068.3567896152,
                4317049.309090406
              ],
              [
                -595079.4887386946,
                4317052.065235355
              ],
              [
                -595092.8470775898,
                4317053.443308092
              ],
              [
                -595116.2241706564,
                4317050.687162791
              ],
              [
                -595130.6957044594,
                4317053.443308092
              ],
              [
                -595135.1484840913,
                4317057.577527358
              ],
              [
                -595138.488068815,
                4317065.845970632
              ],
              [
                -595140.7144586309,
                4317085.1390295075
              ],
              [
                -595138.488068815,
                4317093.407493841
              ],
              [
                -595139.601263723,
                4317108.566361533
              ],
              [
                -595135.1484840913,
                4317115.456762959
              ],
              [
                -595126.2429248278,
                4317120.969087258
              ],
              [
                -595100.6394419452,
                4317130.61566154
              ],
              [
                -595085.0547132343,
                4317140.262244423
              ],
              [
                -595036.0741372852,
                4317141.640328395
              ],
              [
                -595030.5081627455,
                4317144.396496863
              ],
              [
                -595028.2817729296,
                4317148.530750882
              ],
              [
                -595028.2817729296,
                4317148.530750882
              ]
            ]
          ]
        ]
      }
    },
    {
      "type": "Feature",
      "properties": {
        "id": "068",
        "name": "EA 68",
        "status": "Enumeration Area",
        "area_km2": 0.006,
        "population_2001": -1,
        "population_2012": 107,
        "population_2022": 127,
        "density_2022": 21166.67,
        "longitude": -5.352645,
        "latitude": 36.147871
      },
      "geometry": {
        "type": "MultiPolygon",
        "coordinates": [
          [
            [
              [
                -595888.7814367617,
                4321036.807077925
              ],
              [
                -595814.1973779302,
                4321043.699982236
              ],
              [
                -595815.3105728381,
                4321046.457145191
              ],
              [
                -595770.7827765208,
                4321049.21430885
              ],
              [
                -595774.1223612446,
                4321043.699982236
              ],
              [
                -595799.725844127,
                4321007.8569278
              ],
              [
                -595829.7821066412,
                4320959.606849836
              ],
              [
                -595835.348081181,
                4320947.19972173
              ],
              [
                -595836.4612760888,
                4320940.3068789365
              ],
              [
                -595846.4800302603,
                4320897.571351679
              ],
              [
                -595894.3474113013,
                4320936.171175368
              ],
              [
                -595889.8946316696,
                4320962.363991347
              ],
              [
                -595894.3474113013,
                4320962.363991347
              ],
              [
                -595886.5550469458,
                4321014.749813655
              ],
              [
                -595888.7814367617,
                4321036.807077925
              ],
              [
                -595888.7814367617,
                4321036.807077925
              ]
            ]
          ]
        ]
      }
    },
    {
      "type": "Feature",
      "properties": {
        "id": "025",
        "name": "EA 25",
        "status": "Enumeration Area",
        "area_km2": 0.01,
        "population_2001": 155,
        "population_2012": 139,
        "population_2022": 137,
        "density_2022": 13700.0,
        "longitude": -5.352589,
        "latitude": 36.139366
      },
      "geometry": {
        "type": "MultiPolygon",
        "coordinates": [
          [
            [
              [
                -595815.3105728381,
                4319870.590930107
              ],
              [
                -595791.9334797715,
                4319870.590930107
              ],
              [
                -595750.745268178,
                4319848.53604448
              ],
              [
                -595712.8966413083,
                4319792.020605355
              ],
              [
                -595819.7633524698,
                4319785.128498836
              ],
              [
                -595864.2911487871,
                4319757.560116683
              ],
              [
                -595904.3661654728,
                4319757.560116683
              ],
              [
                -595905.4793603807,
                4319797.534293733
              ],
              [
                -595908.8189451045,
                4319800.291138975
              ],
              [
                -595913.2717247362,
                4319808.56167892
              ],
              [
                -595925.5168687236,
                4319847.1576156225
              ],
              [
                -595909.9321400125,
                4319844.400758433
              ],
              [
                -595892.1210214854,
                4319845.779186939
              ],
              [
                -595874.3099029586,
                4319855.428191408
              ],
              [
                -595816.4237677461,
                4319865.0772044845
              ],
              [
                -595815.3105728381,
                4319870.590930107
              ],
              [
                -595815.3105728381,
                4319870.590930107
              ]
            ]
          ]
        ]
      }
    },
    {
      "type": "Feature",
      "properties": {
        "id": "019",
        "name": "EA 19",
        "status": "Enumeration Area",
        "area_km2": 0.012,
        "population_2001": 165,
        "population_2012": 139,
        "population_2022": 140,
        "density_2022": 11666.67,
        "longitude": -5.35418,
        "latitude": 36.140436
      },
      "geometry": {
        "type": "MultiPolygon",
        "coordinates": [
          [
            [
              [
                -595954.4599363297,
                4320029.111743964
              ],
              [
                -595956.6863261457,
                4320002.921188394
              ],
              [
                -595961.1391057773,
                4319980.866032901
              ],
              [
                -595967.8182752249,
                4319924.349902252
              ],
              [
                -595975.6106395805,
                4319906.430215179
              ],
              [
                -595980.0634192122,
                4319878.861523814
              ],
              [
                -596076.9113762024,
                4319888.510557797
              ],
              [
                -596079.1377660182,
                4319931.242097494
              ],
              [
                -596089.1565201896,
                4319982.244478802
              ],
              [
                -596084.7037405579,
                4320019.462584532
              ],
              [
                -596079.1377660182,
                4320038.760912004
              ],
              [
                -596075.7981812943,
                4320045.653180161
              ],
              [
                -595998.9877326471,
                4320033.24710064
              ],
              [
                -595960.0259108694,
                4320030.490196013
              ],
              [
                -595954.4599363297,
                4320029.111743964
              ],
              [
                -595954.4599363297,
                4320029.111743964
              ]
            ]
          ]
        ]
      }
    },
    {
      "type": "Feature",
      "properties": {
        "id": "020",
        "name": "EA 20",
        "status": "Enumeration Area",
        "area_km2": 0.015,
        "population_2001": 153,
        "population_2012": 157,
        "population_2022": 159,
        "density_2022": 10600.0,
        "longitude": -5.354198,
        "latitude": 36.139151
      },
      "geometry": {
        "type": "MultiPolygon",
        "coordinates": [
          [
            [
              [
                -595980.0634192122,
                4319878.861523814
              ],
              [
                -595978.9502243042,
                4319866.455635627
              ],
              [
                -595972.2710548567,
                4319837.508618535
              ],
              [
                -595962.2523006853,
                4319750.668032126
              ],
              [
                -595962.2523006853,
                4319706.5587949585
              ],
              [
                -595958.9127159615,
                4319672.098578595
              ],
              [
                -595987.8557835678,
                4319680.369020509
              ],
              [
                -596009.0064868184,
                4319691.3962862305
              ],
              [
                -596039.0627493326,
                4319691.3962862305
              ],
              [
                -596081.364155834,
                4319688.639468746
              ],
              [
                -596083.5905456499,
                4319727.234977481
              ],
              [
                -596086.9301303737,
                4319750.668032126
              ],
              [
                -596088.0433252816,
                4319814.075375731
              ],
              [
                -596079.1377660182,
                4319865.0772044845
              ],
              [
                -596076.9113762024,
                4319888.510557797
              ],
              [
                -595980.0634192122,
                4319878.861523814
              ],
              [
                -595980.0634192122,
                4319878.861523814
              ]
            ]
          ]
        ]
      }
    },
    {
      "type": "Feature",
      "properties": {
        "id": "024",
        "name": "EA 24",
        "status": "Enumeration Area",
        "area_km2": 0.009,
        "population_2001": 223,
        "population_2012": 158,
        "population_2022": 160,
        "density_2022": 17777.78,
        "longitude": -5.353202,
        "latitude": 36.138693
      },
      "geometry": {
        "type": "MultiPolygon",
        "coordinates": [
          [
            [
              [
                -595958.9127159615,
                4319672.098578595
              ],
              [
                -595962.2523006853,
                4319706.5587949585
              ],
              [
                -595962.2523006853,
                4319750.668032126
              ],
              [
                -595972.2710548567,
                4319837.508618535
              ],
              [
                -595925.5168687236,
                4319847.1576156225
              ],
              [
                -595913.2717247362,
                4319808.56167892
              ],
              [
                -595908.8189451045,
                4319800.291138975
              ],
              [
                -595905.4793603807,
                4319797.534293733
              ],
              [
                -595904.3661654728,
                4319757.560116683
              ],
              [
                -595864.2911487871,
                4319757.560116683
              ],
              [
                -595839.8008608127,
                4319718.964499729
              ],
              [
                -595840.9140557206,
                4319694.153104418
              ],
              [
                -595843.1404455365,
                4319681.747428108
              ],
              [
                -595857.6119793396,
                4319683.125835885
              ],
              [
                -595895.4606062092,
                4319680.369020509
              ],
              [
                -595958.9127159615,
                4319672.098578595
              ],
              [
                -595958.9127159615,
                4319672.098578595
              ]
            ]
          ]
        ]
      }
    },
    {
      "type": "Feature",
      "properties": {
        "id": "027",
        "name": "EA 27",
        "status": "Enumeration Area",
        "area_km2": 0.007,
        "population_2001": 171,
        "population_2012": 180,
        "population_2022": 164,
        "density_2022": 23428.57,
        "longitude": -5.352571,
        "latitude": 36.140818
      },
      "geometry": {
        "type": "MultiPolygon",
        "coordinates": [
          [
            [
              [
                -595828.6689117333,
                4320092.52072012
              ],
              [
                -595821.9897422857,
                4320082.871504113
              ],
              [
                -595805.2918186667,
                4320022.219486349
              ],
              [
                -595817.536962654,
                4319954.6755941715
              ],
              [
                -595846.4800302603,
                4319947.783383996
              ],
              [
                -595874.3099029586,
                4319949.16182568
              ],
              [
                -595874.3099029586,
                4319986.379817558
              ],
              [
                -595926.6300636315,
                4319996.028947473
              ],
              [
                -595919.950894184,
                4320022.219486349
              ],
              [
                -595913.2717247362,
                4320038.760912004
              ],
              [
                -595876.5362927745,
                4320049.788543164
              ],
              [
                -595856.4987844316,
                4320073.222296715
              ],
              [
                -595828.6689117333,
                4320092.52072012
              ],
              [
                -595828.6689117333,
                4320092.52072012
              ]
            ]
          ]
        ]
      }
    },
    {
      "type": "Feature",
      "properties": {
        "id": "029",
        "name": "EA 29",
        "status": "Enumeration Area",
        "area_km2": 0.007,
        "population_2001": 135,
        "population_2012": 116,
        "population_2022": 173,
        "density_2022": 24714.29,
        "longitude": -5.352931,
        "latitude": 36.142154
      },
      "geometry": {
        "type": "MultiPolygon",
        "coordinates": [
          [
            [
              [
                -595838.6876659048,
                4320133.874600525
              ],
              [
                -595846.4800302603,
                4320132.496135297
              ],
              [
                -595866.517538603,
                4320135.253065929
              ],
              [
                -595932.1960381711,
                4320149.03772963
              ],
              [
                -595931.0828432632,
                4320158.687004674
              ],
              [
                -595922.1772839996,
                4320205.555034504
              ],
              [
                -595914.3849196441,
                4320339.267883066
              ],
              [
                -595908.8189451045,
                4320340.646374652
              ],
              [
                -595893.2342163934,
                4320314.4550645845
              ],
              [
                -595855.3855895237,
                4320235.881514987
              ],
              [
                -595849.8196149841,
                4320216.582835749
              ],
              [
                -595838.6876659048,
                4320133.874600525
              ],
              [
                -595838.6876659048,
                4320133.874600525
              ]
            ]
          ]
        ]
      }
    },
    {
      "type": "Feature",
      "properties": {
        "id": "040",
        "name": "EA 40",
        "status": "Enumeration Area",
        "area_km2": 0.02,
        "population_2001": 221,
        "population_2012": 149,
        "population_2022": 176,
        "density_2022": 8800.0,
        "longitude": -5.350239,
        "latitude": 36.143022
      },
      "geometry": {
        "type": "MultiPolygon",
        "coordinates": [
          [
            [
              [
                -595461.3145921156,
                4320495.038544159
              ],
              [
                -595474.6729310107,
                4320478.496420562
              ],
              [
                -595492.4840495376,
                4320448.169259689
              ],
              [
                -595500.2764138932,
                4320424.7346936315
              ],
              [
                -595508.0687782487,
                4320358.566781249
              ],
              [
                -595530.3326764073,
                4320271.722010655
              ],
              [
                -595540.3514305787,
                4320219.339787818
              ],
              [
                -595545.9174051184,
                4320216.582835749
              ],
              [
                -595568.181303277,
                4320238.638471975
              ],
              [
                -595677.2744042545,
                4320222.096740588
              ],
              [
                -595676.1612093465,
                4320249.666306957
              ],
              [
                -595687.2931584258,
                4320277.235943609
              ],
              [
                -595702.8778871369,
                4320322.725997753
              ],
              [
                -595705.1042769528,
                4320326.8614667095
              ],
              [
                -595681.7271838861,
                4320336.510900425
              ],
              [
                -595678.3875991624,
                4320330.996937247
              ],
              [
                -595653.8973111879,
                4320336.510900425
              ],
              [
                -595657.2368959117,
                4320358.566781249
              ],
              [
                -595628.2938283054,
                4320365.459253232
              ],
              [
                -595561.5021338294,
                4320435.762718392
              ],
              [
                -595561.5021338294,
                4320444.033744342
              ],
              [
                -595563.7285236453,
                4320450.926270799
              ],
              [
                -595549.2569898423,
                4320457.81880165
              ],
              [
                -595541.4646254868,
                4320453.683282612
              ],
              [
                -595461.3145921156,
                4320495.038544159
              ],
              [
                -595461.3145921156,
                4320495.038544159
              ]
            ]
          ]
        ]
      }
    },
    {
      "type": "Feature",
      "properties": {
        "id": "028",
        "name": "EA 28",
        "status": "Enumeration Area",
        "area_km2": 0.007,
        "population_2001": 184,
        "population_2012": 144,
        "population_2022": 178,
        "density_2022": 25428.57,
        "longitude": -5.353061,
        "latitude": 36.141377
      },
      "geometry": {
        "type": "MultiPolygon",
        "coordinates": [
          [
            [
              [
                -595838.6876659048,
                4320133.874600525
              ],
              [
                -595828.6689117333,
                4320092.52072012
              ],
              [
                -595856.4987844316,
                4320073.222296715
              ],
              [
                -595876.5362927745,
                4320049.788543164
              ],
              [
                -595913.2717247362,
                4320038.760912004
              ],
              [
                -595919.950894184,
                4320022.219486349
              ],
              [
                -595926.6300636315,
                4319996.028947473
              ],
              [
                -595961.1391057773,
                4319980.866032901
              ],
              [
                -595956.6863261457,
                4320002.921188394
              ],
              [
                -595954.4599363297,
                4320029.111743964
              ],
              [
                -595948.8939617901,
                4320067.7084677825
              ],
              [
                -595941.1015974346,
                4320103.5484061
              ],
              [
                -595934.422427987,
                4320138.009997264
              ],
              [
                -595932.1960381711,
                4320149.03772963
              ],
              [
                -595866.517538603,
                4320135.253065929
              ],
              [
                -595846.4800302603,
                4320132.496135297
              ],
              [
                -595838.6876659048,
                4320133.874600525
              ],
              [
                -595838.6876659048,
                4320133.874600525
              ]
            ]
          ]
        ]
      }
    },
    {
      "type": "Feature",
      "properties": {
        "id": "026",
        "name": "EA 26",
        "status": "Enumeration Area",
        "area_km2": 0.013,
        "population_2001": 153,
        "population_2012": 135,
        "population_2022": 180,
        "density_2022": 13846.15,
        "longitude": -5.353176,
        "latitude": 36.14008
      },
      "geometry": {
        "type": "MultiPolygon",
        "coordinates": [
          [
            [
              [
                -595817.536962654,
                4319954.6755941715
              ],
              [
                -595811.9709881142,
                4319898.159600389
              ],
              [
                -595816.4237677461,
                4319865.0772044845
              ],
              [
                -595874.3099029586,
                4319855.428191408
              ],
              [
                -595892.1210214854,
                4319845.779186939
              ],
              [
                -595909.9321400125,
                4319844.400758433
              ],
              [
                -595925.5168687236,
                4319847.1576156225
              ],
              [
                -595972.2710548567,
                4319837.508618535
              ],
              [
                -595978.9502243042,
                4319866.455635627
              ],
              [
                -595980.0634192122,
                4319878.861523814
              ],
              [
                -595975.6106395805,
                4319906.430215179
              ],
              [
                -595967.8182752249,
                4319924.349902252
              ],
              [
                -595961.1391057773,
                4319980.866032901
              ],
              [
                -595926.6300636315,
                4319996.028947473
              ],
              [
                -595874.3099029586,
                4319986.379817558
              ],
              [
                -595874.3099029586,
                4319949.16182568
              ],
              [
                -595846.4800302603,
                4319947.783383996
              ],
              [
                -595817.536962654,
                4319954.6755941715
              ],
              [
                -595817.536962654,
                4319954.6755941715
              ]
            ]
          ]
        ]
      }
    },
    {
      "type": "Feature",
      "properties": {
        "id": "022",
        "name": "EA 22",
        "status": "Enumeration Area",
        "area_km2": 0.02,
        "population_2001": 222,
        "population_2012": 182,
        "population_2022": 194,
        "density_2022": 9700.0,
        "longitude": -5.352414,
        "latitude": 36.135108
      },
      "geometry": {
        "type": "MultiPolygon",
        "coordinates": [
          [
            [
              [
                -595876.5362927745,
                4319115.236705163
              ],
              [
                -595869.8571233267,
                4319129.020068859
              ],
              [
                -595869.8571233267,
                4319144.181789215
              ],
              [
                -595872.0835131427,
                4319163.478554947
              ],
              [
                -595880.9890724062,
                4319192.423768098
              ],
              [
                -595886.5550469458,
                4319215.855664048
              ],
              [
                -595898.800190933,
                4319266.854671888
              ],
              [
                -595909.9321400125,
                4319334.394268588
              ],
              [
                -595905.4793603807,
                4319361.961572118
              ],
              [
                -595904.3661654728,
                4319411.582895536
              ],
              [
                -595905.4793603807,
                4319425.366636887
              ],
              [
                -595840.9140557206,
                4319432.258514152
              ],
              [
                -595819.7633524698,
                4319302.691956392
              ],
              [
                -595777.4619459684,
                4319308.205395317
              ],
              [
                -595762.9904121653,
                4319213.098967772
              ],
              [
                -595762.9904121653,
                4319186.910388191
              ],
              [
                -595759.6508274415,
                4319141.425111205
              ],
              [
                -595760.7640223495,
                4319116.615040743
              ],
              [
                -595780.8015306923,
                4319123.506721273
              ],
              [
                -595823.1029371936,
                4319148.316807543
              ],
              [
                -595845.3668353524,
                4319140.046772464
              ],
              [
                -595876.5362927745,
                4319115.236705163
              ],
              [
                -595876.5362927745,
                4319115.236705163
              ]
            ]
          ]
        ]
      }
    },
    {
      "type": "Feature",
      "properties": {
        "id": "035",
        "name": "EA 35",
        "status": "Enumeration Area",
        "area_km2": 0.011,
        "population_2001": 223,
        "population_2012": 148,
        "population_2022": 211,
        "density_2022": 19181.82,
        "longitude": -5.351741,
        "latitude": 36.137469
      },
      "geometry": {
        "type": "MultiPolygon",
        "coordinates": [
          [
            [
              [
                -595697.3119125973,
                4319745.154367642
              ],
              [
                -595689.5195482416,
                4319706.5587949585
              ],
              [
                -595696.1987176893,
                4319683.125835885
              ],
              [
                -595700.6514973211,
                4319626.611261118
              ],
              [
                -595708.4438616766,
                4319596.286489084
              ],
              [
                -595711.7834464004,
                4319565.9618020775
              ],
              [
                -595715.1230311242,
                4319505.312683137
              ],
              [
                -595726.2549802035,
                4319494.285607142
              ],
              [
                -595729.5945649274,
                4319481.880160087
              ],
              [
                -595748.5188783621,
                4319480.501777959
              ],
              [
                -595759.6508274415,
                4319466.717966341
              ],
              [
                -595760.7640223495,
                4319451.555793852
              ],
              [
                -595768.556386705,
                4319444.663904292
              ],
              [
                -595794.1598695874,
                4319439.150395806
              ],
              [
                -595793.0466746795,
                4319470.853107982
              ],
              [
                -595793.0466746795,
                4319524.610093183
              ],
              [
                -595796.3862594033,
                4319542.529147626
              ],
              [
                -595795.2730644954,
                4319585.259320336
              ],
              [
                -595728.4813700194,
                4319669.341766029
              ],
              [
                -595725.1417852956,
                4319691.3962862305
              ],
              [
                -595718.4626158479,
                4319709.315617011
              ],
              [
                -595697.3119125973,
                4319745.154367642
              ],
              [
                -595697.3119125973,
                4319745.154367642
              ]
            ]
          ]
        ]
      }
    },
    {
      "type": "Feature",
      "properties": {
        "id": "034",
        "name": "EA 34",
        "status": "Enumeration Area",
        "area_km2": 0.014,
        "population_2001": 217,
        "population_2012": 172,
        "population_2022": 213,
        "density_2022": 15214.29,
        "longitude": -5.351621,
        "latitude": 36.135887
      },
      "geometry": {
        "type": "MultiPolygon",
        "coordinates": [
          [
            [
              [
                -595715.1230311242,
                4319505.312683137
              ],
              [
                -595701.764692229,
                4319361.961572118
              ],
              [
                -595686.1799635179,
                4319265.476317163
              ],
              [
                -595686.1799635179,
                4319236.530908515
              ],
              [
                -595690.6327431496,
                4319221.36905871
              ],
              [
                -595762.9904121653,
                4319213.098967772
              ],
              [
                -595777.4619459684,
                4319308.205395317
              ],
              [
                -595780.8015306923,
                4319321.989004923
              ],
              [
                -595786.3675052319,
                4319361.961572118
              ],
              [
                -595793.0466746795,
                4319410.204522368
              ],
              [
                -595794.1598695874,
                4319439.150395806
              ],
              [
                -595768.556386705,
                4319444.663904292
              ],
              [
                -595760.7640223495,
                4319451.555793852
              ],
              [
                -595759.6508274415,
                4319466.717966341
              ],
              [
                -595748.5188783621,
                4319480.501777959
              ],
              [
                -595729.5945649274,
                4319481.880160087
              ],
              [
                -595726.2549802035,
                4319494.285607142
              ],
              [
                -595715.1230311242,
                4319505.312683137
              ],
              [
                -595715.1230311242,
                4319505.312683137
              ]
            ]
          ]
        ]
      }
    },
    {
      "type": "Feature",
      "properties": {
        "id": "044",
        "name": "EA 44",
        "status": "Enumeration Area",
        "area_km2": 0.043,
        "population_2001": 115,
        "population_2012": 123,
        "population_2022": 234,
        "density_2022": 5441.86,
        "longitude": -5.34914,
        "latitude": 36.139363
      },
      "geometry": {
        "type": "MultiPolygon",
        "coordinates": [
          [
            [
              [
                -595304.354110097,
                4319949.16182568
              ],
              [
                -595299.9013304652,
                4319925.728340948
              ],
              [
                -595298.7881355573,
                4319902.294906993
              ],
              [
                -595304.354110097,
                4319876.104658541
              ],
              [
                -595322.165228624,
                4319825.102777784
              ],
              [
                -595338.863152243,
                4319792.020605355
              ],
              [
                -595354.4478809539,
                4319772.722718172
              ],
              [
                -595370.0326096651,
                4319758.938534122
              ],
              [
                -595380.0513638365,
                4319712.072439767
              ],
              [
                -595383.3909485602,
                4319678.990613082
              ],
              [
                -595580.4264472643,
                4319729.991804805
              ],
              [
                -595578.2000574485,
                4319757.560116683
              ],
              [
                -595608.2563199626,
                4319764.452205635
              ],
              [
                -595610.4827097785,
                4319753.424865422
              ],
              [
                -595616.0486843181,
                4319753.424865422
              ],
              [
                -595617.1618792261,
                4319746.532783498
              ],
              [
                -595660.5764806354,
                4319756.181699419
              ],
              [
                -595655.0105060958,
                4319805.804831568
              ],
              [
                -595658.3500908196,
                4319859.563481672
              ],
              [
                -595659.4632857275,
                4319921.5930253845
              ],
              [
                -595540.3514305787,
                4319907.808651591
              ],
              [
                -595433.4847194172,
                4319924.349902252
              ],
              [
                -595371.145804573,
                4319936.75585685
              ],
              [
                -595338.863152243,
                4319939.512737583
              ],
              [
                -595316.5992540843,
                4319943.64806
              ],
              [
                -595304.354110097,
                4319949.16182568
              ],
              [
                -595304.354110097,
                4319949.16182568
              ]
            ]
          ]
        ]
      }
    },
    {
      "type": "Feature",
      "properties": {
        "id": "023",
        "name": "EA 23",
        "status": "Enumeration Area",
        "area_km2": 0.013,
        "population_2001": 258,
        "population_2012": 172,
        "population_2022": 236,
        "density_2022": 18153.85,
        "longitude": -5.352949,
        "latitude": 36.137851
      },
      "geometry": {
        "type": "MultiPolygon",
        "coordinates": [
          [
            [
              [
                -595843.1404455365,
                4319681.747428108
              ],
              [
                -595842.0272506286,
                4319483.258542391
              ],
              [
                -595840.9140557206,
                4319443.285526908
              ],
              [
                -595840.9140557206,
                4319432.258514152
              ],
              [
                -595905.4793603807,
                4319425.366636887
              ],
              [
                -595906.5925552886,
                4319490.150456542
              ],
              [
                -595909.9321400125,
                4319517.718157072
              ],
              [
                -595917.724504368,
                4319548.042708812
              ],
              [
                -595948.8939617901,
                4319647.2872908
              ],
              [
                -595958.9127159615,
                4319672.098578595
              ],
              [
                -595895.4606062092,
                4319680.369020509
              ],
              [
                -595857.6119793396,
                4319683.125835885
              ],
              [
                -595843.1404455365,
                4319681.747428108
              ],
              [
                -595843.1404455365,
                4319681.747428108
              ]
            ]
          ]
        ]
      }
    },
    {
      "type": "Feature",
      "properties": {
        "id": "032",
        "name": "EA 32",
        "status": "Enumeration Area",
        "area_km2": 0.018,
        "population_2001": 185,
        "population_2012": 210,
        "population_2022": 236,
        "density_2022": 13111.11,
        "longitude": -5.352005,
        "latitude": 36.138572
      },
      "geometry": {
        "type": "MultiPolygon",
        "coordinates": [
          [
            [
              [
                -595712.8966413083,
                4319792.020605355
              ],
              [
                -595707.3306667687,
                4319775.479557089
              ],
              [
                -595702.8778871369,
                4319752.046448686
              ],
              [
                -595697.3119125973,
                4319745.154367642
              ],
              [
                -595718.4626158479,
                4319709.315617011
              ],
              [
                -595725.1417852956,
                4319691.3962862305
              ],
              [
                -595728.4813700194,
                4319669.341766029
              ],
              [
                -595795.2730644954,
                4319585.259320336
              ],
              [
                -595796.3862594033,
                4319542.529147626
              ],
              [
                -595793.0466746795,
                4319524.610093183
              ],
              [
                -595793.0466746795,
                4319470.853107982
              ],
              [
                -595840.9140557206,
                4319468.096346713
              ],
              [
                -595842.0272506286,
                4319483.258542391
              ],
              [
                -595843.1404455365,
                4319681.747428108
              ],
              [
                -595840.9140557206,
                4319694.153104418
              ],
              [
                -595839.8008608127,
                4319718.964499729
              ],
              [
                -595864.2911487871,
                4319757.560116683
              ],
              [
                -595819.7633524698,
                4319785.128498836
              ],
              [
                -595712.8966413083,
                4319792.020605355
              ],
              [
                -595712.8966413083,
                4319792.020605355
              ]
            ]
          ]
        ]
      }
    },
    {
      "type": "Feature",
      "properties": {
        "id": "045",
        "name": "EA 45",
        "status": "Enumeration Area",
        "area_km2": 0.073,
        "population_2001": 277,
        "population_2012": 171,
        "population_2022": 237,
        "density_2022": 3246.58,
        "longitude": -5.350296,
        "latitude": 36.137274
      },
      "geometry": {
        "type": "MultiPolygon",
        "coordinates": [
          [
            [
              [
                -595383.3909485602,
                4319678.990613082
              ],
              [
                -595387.843728192,
                4319655.5577137405
              ],
              [
                -595394.5228976395,
                4319640.395276515
              ],
              [
                -595401.2020670872,
                4319627.989661869
              ],
              [
                -595427.9187448774,
                4319596.286489084
              ],
              [
                -595444.6166684965,
                4319575.610556903
              ],
              [
                -595466.8805666552,
                4319528.7452569585
              ],
              [
                -595524.7667018677,
                4319344.042816832
              ],
              [
                -595540.3514305787,
                4319313.718837051
              ],
              [
                -595573.7472778168,
                4319231.017506126
              ],
              [
                -595690.6327431496,
                4319221.36905871
              ],
              [
                -595686.1799635179,
                4319236.530908515
              ],
              [
                -595686.1799635179,
                4319265.476317163
              ],
              [
                -595701.764692229,
                4319361.961572118
              ],
              [
                -595715.1230311242,
                4319505.312683137
              ],
              [
                -595711.7834464004,
                4319565.9618020775
              ],
              [
                -595708.4438616766,
                4319596.286489084
              ],
              [
                -595700.6514973211,
                4319626.611261118
              ],
              [
                -595696.1987176893,
                4319683.125835885
              ],
              [
                -595689.5195482416,
                4319706.5587949585
              ],
              [
                -595697.3119125973,
                4319745.154367642
              ],
              [
                -595685.06676861,
                4319757.560116683
              ],
              [
                -595672.8216246228,
                4319772.722718172
              ],
              [
                -595655.0105060958,
                4319805.804831568
              ],
              [
                -595660.5764806354,
                4319756.181699419
              ],
              [
                -595617.1618792261,
                4319746.532783498
              ],
              [
                -595616.0486843181,
                4319753.424865422
              ],
              [
                -595610.4827097785,
                4319753.424865422
              ],
              [
                -595608.2563199626,
                4319764.452205635
              ],
              [
                -595578.2000574485,
                4319757.560116683
              ],
              [
                -595580.4264472643,
                4319729.991804805
              ],
              [
                -595383.3909485602,
                4319678.990613082
              ],
              [
                -595383.3909485602,
                4319678.990613082
              ]
            ]
          ]
        ]
      }
    },
    {
      "type": "Feature",
      "properties": {
        "id": "030",
        "name": "EA 30",
        "status": "Enumeration Area",
        "area_km2": 0.014,
        "population_2001": 275,
        "population_2012": 180,
        "population_2022": 243,
        "density_2022": 17357.14,
        "longitude": -5.352239,
        "latitude": 36.142497
      },
      "geometry": {
        "type": "MultiPolygon",
        "coordinates": [
          [
            [
              [
                -595769.6695816129,
                4320302.048676693
              ],
              [
                -595762.9904121653,
                4320274.4789767815
              ],
              [
                -595755.1980478097,
                4320262.072634752
              ],
              [
                -595752.971657994,
                4320164.200879994
              ],
              [
                -595791.9334797715,
                4320146.280795483
              ],
              [
                -595838.6876659048,
                4320133.874600525
              ],
              [
                -595849.8196149841,
                4320216.582835749
              ],
              [
                -595855.3855895237,
                4320235.881514987
              ],
              [
                -595893.2342163934,
                4320314.4550645845
              ],
              [
                -595908.8189451045,
                4320340.646374652
              ],
              [
                -595892.1210214854,
                4320340.646374652
              ],
              [
                -595867.630733511,
                4320342.024866412
              ],
              [
                -595867.630733511,
                4320337.889391659
              ],
              [
                -595800.839039035,
                4320339.267883066
              ],
              [
                -595800.839039035,
                4320380.622707058
              ],
              [
                -595806.4050135746,
                4320428.870201598
              ],
              [
                -595785.254310324,
                4320387.515193099
              ],
              [
                -595769.6695816129,
                4320302.048676693
              ],
              [
                -595769.6695816129,
                4320302.048676693
              ]
            ]
          ]
        ]
      }
    },
    {
      "type": "Feature",
      "properties": {
        "id": "051",
        "name": "EA 51",
        "status": "Enumeration Area",
        "area_km2": 0.01,
        "population_2001": 305,
        "population_2012": 274,
        "population_2022": 253,
        "density_2022": 25300.0,
        "longitude": -5.35234,
        "latitude": 36.134158
      },
      "geometry": {
        "type": "MultiPolygon",
        "coordinates": [
          [
            [
              [
                -595760.7640223495,
                4319116.615040743
              ],
              [
                -595748.5188783621,
                4319073.886719458
              ],
              [
                -595844.2536404445,
                4319042.185170804
              ],
              [
                -595825.3293270095,
                4318952.594339976
              ],
              [
                -595858.7251742475,
                4318945.70276834
              ],
              [
                -595896.5738011173,
                4318944.32445454
              ],
              [
                -595897.6869960251,
                4318959.485916002
              ],
              [
                -595899.9133858411,
                4319003.592106544
              ],
              [
                -595897.6869960251,
                4319021.510297826
              ],
              [
                -595886.5550469458,
                4319046.320150142
              ],
              [
                -595876.5362927745,
                4319060.103426018
              ],
              [
                -595860.9515640634,
                4319091.805027188
              ],
              [
                -595858.7251742475,
                4319100.075025383
              ],
              [
                -595864.2911487871,
                4319112.48003453
              ],
              [
                -595876.5362927745,
                4319115.236705163
              ],
              [
                -595845.3668353524,
                4319140.046772464
              ],
              [
                -595823.1029371936,
                4319148.316807543
              ],
              [
                -595780.8015306923,
                4319123.506721273
              ],
              [
                -595760.7640223495,
                4319116.615040743
              ],
              [
                -595760.7640223495,
                4319116.615040743
              ]
            ]
          ]
        ]
      }
    },
    {
      "type": "Feature",
      "properties": {
        "id": "059",
        "name": "EA 59",
        "status": "Enumeration Area",
        "area_km2": 0.137,
        "population_2001": 169,
        "population_2012": 278,
        "population_2022": 253,
        "density_2022": 1846.72,
        "longitude": -5.348464,
        "latitude": 36.123627
      },
      "geometry": {
        "type": "MultiPolygon",
        "coordinates": [
          [
            [
              [
                -595508.0687782487,
                4318438.495149301
              ],
              [
                -595499.1632189852,
                4318423.334418056
              ],
              [
                -595483.5784902741,
                4318386.121804169
              ],
              [
                -595469.1069564711,
                4318343.396368312
              ],
              [
                -595445.7298634045,
                4318240.029076315
              ],
              [
                -595436.824304141,
                4318220.73395787
              ],
              [
                -595423.4659652457,
                4318197.304217452
              ],
              [
                -595414.5604059823,
                4318186.278474813
              ],
              [
                -595407.8812365347,
                4318171.118097035
              ],
              [
                -595405.6548467189,
                4318158.7141673835
              ],
              [
                -595417.8999907061,
                4318078.778072999
              ],
              [
                -595417.8999907061,
                4318062.239644456
              ],
              [
                -595411.2208212586,
                4318023.650076181
              ],
              [
                -595387.843728192,
                4317975.413309405
              ],
              [
                -595380.0513638365,
                4317942.336793636
              ],
              [
                -595360.0138554936,
                4317894.100389416
              ],
              [
                -595338.863152243,
                4317859.645946648
              ],
              [
                -595309.9200846367,
                4317818.300760166
              ],
              [
                -595295.4485508335,
                4317785.224724745
              ],
              [
                -595286.5429915701,
                4317742.501661992
              ],
              [
                -595287.656186478,
                4317708.047702016
              ],
              [
                -595285.4297966622,
                4317699.778767949
              ],
              [
                -595269.8450679511,
                4317670.837548482
              ],
              [
                -595260.9395086876,
                4317647.40899895
              ],
              [
                -595256.4867290559,
                4317629.493083542
              ],
              [
                -595252.0339494243,
                4317564.720406124
              ],
              [
                -595238.675610529,
                4317524.754479469
              ],
              [
                -595231.9964410813,
                4317493.0574702
              ],
              [
                -595191.9214243959,
                4317415.882531579
              ],
              [
                -595168.5443313292,
                4317363.514136739
              ],
              [
                -595151.8464077101,
                4317338.708143442
              ],
              [
                -595134.0352891834,
                4317316.658419367
              ],
              [
                -595118.4505604723,
                4317282.205815458
              ],
              [
                -595097.2998572215,
                4317262.912405189
              ],
              [
                -595083.9415183263,
                4317231.216163005
              ],
              [
                -595078.3755437867,
                4317210.544750734
              ],
              [
                -595073.922764155,
                4317200.898105191
              ],
              [
                -595067.2435947073,
                4317189.873377958
              ],
              [
                -595033.8477474693,
                4317156.79926366
              ],
              [
                -595028.2817729296,
                4317148.530750882
              ],
              [
                -595030.5081627455,
                4317144.396496863
              ],
              [
                -595036.0741372852,
                4317141.640328395
              ],
              [
                -595085.0547132343,
                4317140.262244423
              ],
              [
                -595100.6394419452,
                4317130.61566154
              ],
              [
                -595126.2429248278,
                4317120.969087258
              ],
              [
                -595135.1484840913,
                4317115.456762959
              ],
              [
                -595139.601263723,
                4317108.566361533
              ],
              [
                -595138.488068815,
                4317093.407493841
              ],
              [
                -595140.7144586309,
                4317085.1390295075
              ],
              [
                -595138.488068815,
                4317065.845970632
              ],
              [
                -595135.1484840913,
                4317057.577527358
              ],
              [
                -595130.6957044594,
                4317053.443308092
              ],
              [
                -595116.2241706564,
                4317050.687162791
              ],
              [
                -595092.8470775898,
                4317053.443308092
              ],
              [
                -595079.4887386946,
                4317052.065235355
              ],
              [
                -595068.3567896152,
                4317049.309090406
              ],
              [
                -595059.4512303518,
                4317041.040659768
              ],
              [
                -595053.8852558122,
                4317027.259956083
              ],
              [
                -595046.0928914567,
                4316987.296014648
              ],
              [
                -595043.8665016408,
                4316973.515379411
              ],
              [
                -595047.2060863646,
                4316963.868945188
              ],
              [
                -595052.7720609042,
                4316956.978640296
              ],
              [
                -595059.4512303518,
                4316952.844459466
              ],
              [
                -595066.1303997994,
                4316955.600579843
              ],
              [
                -595073.922764155,
                4316961.112822705
              ],
              [
                -595091.7338826818,
                4316998.320535473
              ],
              [
                -595099.5262470373,
                4317006.588933463
              ],
              [
                -595117.3373655643,
                4317017.613473946
              ],
              [
                -595148.5068229864,
                4317060.333674415
              ],
              [
                -595161.8651618815,
                4317094.785571845
              ],
              [
                -595176.3366956847,
                4317111.322521578
              ],
              [
                -595195.2610091196,
                4317143.01841254
              ],
              [
                -595236.4492207131,
                4317198.14192233
              ],
              [
                -595270.958262859,
                4317238.106642536
              ],
              [
                -595285.4297966622,
                4317264.2905047815
              ],
              [
                -595294.3353559256,
                4317289.096327463
              ],
              [
                -595306.5804999128,
                4317290.47443039
              ],
              [
                -595315.4860591764,
                4317297.364947662
              ],
              [
                -595323.2784235319,
                4317307.0116792135
              ],
              [
                -595335.5235675192,
                4317337.3300343705
              ],
              [
                -595385.6173383761,
                4317403.479467788
              ],
              [
                -595429.0319397855,
                4317468.251179894
              ],
              [
                -595445.7298634045,
                4317483.410572766
              ],
              [
                -595482.4652953662,
                4317524.754479469
              ],
              [
                -595504.7291935249,
                4317577.12365476
              ],
              [
                -595510.2951680647,
                4317597.795767419
              ],
              [
                -595511.4083629726,
                4317621.224209513
              ],
              [
                -595515.8611426043,
                4317644.652702342
              ],
              [
                -595512.5215578804,
                4317655.677892991
              ],
              [
                -595510.2951680647,
                4317681.862765817
              ],
              [
                -595511.4083629726,
                4317705.291389959
              ],
              [
                -595509.1819731566,
                4317730.098223761
              ],
              [
                -595509.1819731566,
                4317746.636144563
              ],
              [
                -595525.8798967757,
                4317858.267771219
              ],
              [
                -595516.9743375122,
                4317917.529473175
              ],
              [
                -595514.7479476962,
                4317949.227726083
              ],
              [
                -595515.8611426043,
                4317979.547880987
              ],
              [
                -595516.9743375122,
                4318002.977149799
              ],
              [
                -595535.8986509469,
                4318041.566644332
              ],
              [
                -595541.4646254868,
                4318058.105041272
              ],
              [
                -595541.4646254868,
                4318074.643463493
              ],
              [
                -595535.8986509469,
                4318088.425501325
              ],
              [
                -595521.4271171439,
                4318114.611421578
              ],
              [
                -595499.1632189852,
                4318168.361666994
              ],
              [
                -595495.8236342614,
                4318195.925999007
              ],
              [
                -595496.9368291694,
                4318226.246845342
              ],
              [
                -595504.7291935249,
                4318281.375874589
              ],
              [
                -595512.5215578804,
                4318314.453426992
              ],
              [
                -595498.0500240773,
                4318370.961146324
              ],
              [
                -595499.1632189852,
                4318393.013019305
              ],
              [
                -595503.615998617,
                4318419.199676858
              ],
              [
                -595508.0687782487,
                4318438.495149301
              ],
              [
                -595508.0687782487,
                4318438.495149301
              ]
            ]
          ]
        ]
      }
    },
    {
      "type": "Feature",
      "properties": {
        "id": "011",
        "name": "EA 11",
        "status": "Enumeration Area",
        "area_km2": 0.016,
        "population_2001": 381,
        "population_2012": 271,
        "population_2022": 257,
        "density_2022": 16062.5,
        "longitude": -5.351631,
        "latitude": 36.144556
      },
      "geometry": {
        "type": "MultiPolygon",
        "coordinates": [
          [
            [
              [
                -595685.06676861,
                4320555.693213851
              ],
              [
                -595685.06676861,
                4320552.936176031
              ],
              [
                -595663.9160653593,
                4320519.851777003
              ],
              [
                -595806.4050135746,
                4320428.870201598
              ],
              [
                -595800.839039035,
                4320380.622707058
              ],
              [
                -595800.839039035,
                4320339.267883066
              ],
              [
                -595867.630733511,
                4320337.889391659
              ],
              [
                -595867.630733511,
                4320358.566781249
              ],
              [
                -595870.9703182348,
                4320442.655239578
              ],
              [
                -595892.1210214854,
                4320450.926270799
              ],
              [
                -595891.0078265775,
                4320457.81880165
              ],
              [
                -595864.2911487871,
                4320479.874929896
              ],
              [
                -595834.234886273,
                4320514.33772034
              ],
              [
                -595789.7070899558,
                4320539.150997468
              ],
              [
                -595785.254310324,
                4320557.071733026
              ],
              [
                -595783.0279205081,
                4320561.207291603
              ],
              [
                -595762.9904121653,
                4320576.371019917
              ],
              [
                -595721.8022005719,
                4320602.562964364
              ],
              [
                -595717.34942094,
                4320599.805914593
              ],
              [
                -595711.7834464004,
                4320592.91329324
              ],
              [
                -595685.06676861,
                4320555.693213851
              ],
              [
                -595685.06676861,
                4320555.693213851
              ]
            ]
          ]
        ]
      }
    },
    {
      "type": "Feature",
      "properties": {
        "id": "041",
        "name": "EA 41",
        "status": "Enumeration Area",
        "area_km2": 0.012,
        "population_2001": 274,
        "population_2012": 262,
        "population_2022": 260,
        "density_2022": 21666.67,
        "longitude": -5.350866,
        "latitude": 36.143798
      },
      "geometry": {
        "type": "MultiPolygon",
        "coordinates": [
          [
            [
              [
                -595561.5021338294,
                4320444.033744342
              ],
              [
                -595561.5021338294,
                4320435.762718392
              ],
              [
                -595628.2938283054,
                4320365.459253232
              ],
              [
                -595657.2368959117,
                4320358.566781249
              ],
              [
                -595653.8973111879,
                4320336.510900425
              ],
              [
                -595678.3875991624,
                4320330.996937247
              ],
              [
                -595681.7271838861,
                4320336.510900425
              ],
              [
                -595705.1042769528,
                4320326.8614667095
              ],
              [
                -595709.5570565846,
                4320336.510900425
              ],
              [
                -595700.6514973211,
                4320354.431300167
              ],
              [
                -595738.5001241908,
                4320446.790754397
              ],
              [
                -595648.3313366482,
                4320503.309615447
              ],
              [
                -595643.8785570165,
                4320501.931103127
              ],
              [
                -595632.7466079372,
                4320493.660032893
              ],
              [
                -595619.3882690419,
                4320501.931103127
              ],
              [
                -595601.577150515,
                4320475.739402424
              ],
              [
                -595590.4452014357,
                4320481.253439403
              ],
              [
                -595571.5208880008,
                4320453.683282612
              ],
              [
                -595565.9549134612,
                4320456.440295127
              ],
              [
                -595561.5021338294,
                4320444.033744342
              ],
              [
                -595561.5021338294,
                4320444.033744342
              ]
            ]
          ]
        ]
      }
    },
    {
      "type": "Feature",
      "properties": {
        "id": "048",
        "name": "EA 48",
        "status": "Enumeration Area",
        "area_km2": 0.008,
        "population_2001": 293,
        "population_2012": 275,
        "population_2022": 261,
        "density_2022": 32625.0,
        "longitude": -5.352172,
        "latitude": 36.130653
      },
      "geometry": {
        "type": "MultiPolygon",
        "coordinates": [
          [
            [
              [
                -595764.1036070732,
                4318683.826299701
              ],
              [
                -595760.7640223495,
                4318668.665224614
              ],
              [
                -595751.858463086,
                4318623.182126846
              ],
              [
                -595752.971657994,
                4318614.912493255
              ],
              [
                -595762.9904121653,
                4318592.860167917
              ],
              [
                -595777.4619459684,
                4318550.133915504
              ],
              [
                -595787.4807001399,
                4318528.081722223
              ],
              [
                -595809.7445982985,
                4318466.060169641
              ],
              [
                -595809.7445982985,
                4318467.438422501
              ],
              [
                -595838.6876659048,
                4318584.590557504
              ],
              [
                -595852.0460048,
                4318646.612789691
              ],
              [
                -595855.3855895237,
                4318665.90866779
              ],
              [
                -595764.1036070732,
                4318683.826299701
              ],
              [
                -595764.1036070732,
                4318683.826299701
              ]
            ]
          ]
        ]
      }
    },
    {
      "type": "Feature",
      "properties": {
        "id": "039",
        "name": "EA 39",
        "status": "Enumeration Area",
        "area_km2": 0.011,
        "population_2001": 330,
        "population_2012": 225,
        "population_2022": 265,
        "density_2022": 24090.91,
        "longitude": -5.351364,
        "latitude": 36.142137
      },
      "geometry": {
        "type": "MultiPolygon",
        "coordinates": [
          [
            [
              [
                -595545.9174051184,
                4320216.582835749
              ],
              [
                -595548.1437949343,
                4320209.6904586535
              ],
              [
                -595563.7285236453,
                4320204.17656014
              ],
              [
                -595571.5208880008,
                4320205.555034504
              ],
              [
                -595599.3507606992,
                4320195.905717641
              ],
              [
                -595622.7278537658,
                4320182.120994199
              ],
              [
                -595632.7466079372,
                4320166.957818708
              ],
              [
                -595647.2181417403,
                4320155.930068069
              ],
              [
                -595668.368844991,
                4320154.551600029
              ],
              [
                -595678.3875991624,
                4320147.659262469
              ],
              [
                -595707.3306667687,
                4320135.253065929
              ],
              [
                -595754.0848529018,
                4320146.280795483
              ],
              [
                -595752.971657994,
                4320164.200879994
              ],
              [
                -595755.1980478097,
                4320262.072634752
              ],
              [
                -595762.9904121653,
                4320274.4789767815
              ],
              [
                -595769.6695816129,
                4320302.048676693
              ],
              [
                -595749.63207327,
                4320306.184137742
              ],
              [
                -595717.34942094,
                4320273.100493631
              ],
              [
                -595712.8966413083,
                4320262.072634752
              ],
              [
                -595687.2931584258,
                4320277.235943609
              ],
              [
                -595676.1612093465,
                4320249.666306957
              ],
              [
                -595677.2744042545,
                4320222.096740588
              ],
              [
                -595568.181303277,
                4320238.638471975
              ],
              [
                -595545.9174051184,
                4320216.582835749
              ],
              [
                -595545.9174051184,
                4320216.582835749
              ]
            ]
          ]
        ]
      }
    },
    {
      "type": "Feature",
      "properties": {
        "id": "052",
        "name": "EA 52",
        "status": "Enumeration Area",
        "area_km2": 0.031,
        "population_2001": 195,
        "population_2012": 215,
        "population_2022": 277,
        "density_2022": 8935.48,
        "longitude": -5.350131,
        "latitude": 36.125955
      },
      "geometry": {
        "type": "MultiPolygon",
        "coordinates": [
          [
            [
              [
                -595512.5215578804,
                4318314.453426992
              ],
              [
                -595504.7291935249,
                4318281.375874589
              ],
              [
                -595496.9368291694,
                4318226.246845342
              ],
              [
                -595495.8236342614,
                4318195.925999007
              ],
              [
                -595499.1632189852,
                4318168.361666994
              ],
              [
                -595521.4271171439,
                4318114.611421578
              ],
              [
                -595535.8986509469,
                4318088.425501325
              ],
              [
                -595541.4646254868,
                4318074.643463493
              ],
              [
                -595541.4646254868,
                4318058.105041272
              ],
              [
                -595535.8986509469,
                4318041.566644332
              ],
              [
                -595516.9743375122,
                4318002.977149799
              ],
              [
                -595515.8611426043,
                4317979.547880987
              ],
              [
                -595514.7479476962,
                4317949.227726083
              ],
              [
                -595516.9743375122,
                4317917.529473175
              ],
              [
                -595525.8798967757,
                4317858.267771219
              ],
              [
                -595509.1819731566,
                4317746.636144563
              ],
              [
                -595509.1819731566,
                4317730.098223761
              ],
              [
                -595511.4083629726,
                4317705.291389959
              ],
              [
                -595510.2951680647,
                4317681.862765817
              ],
              [
                -595512.5215578804,
                4317655.677892991
              ],
              [
                -595515.8611426043,
                4317644.652702342
              ],
              [
                -595524.7667018677,
                4317655.677892991
              ],
              [
                -595535.8986509469,
                4317663.946793353
              ],
              [
                -595559.2757440136,
                4317670.837548482
              ],
              [
                -595565.9549134612,
                4317677.728308
              ],
              [
                -595583.7660319882,
                4317754.905114443
              ],
              [
                -595585.9924218041,
                4317778.33389676
              ],
              [
                -595594.8979810674,
                4317822.435271704
              ],
              [
                -595614.9354894103,
                4317870.671356394
              ],
              [
                -595621.6146588578,
                4317896.856749577
              ],
              [
                -595628.2938283054,
                4317947.849539242
              ],
              [
                -595637.1993875689,
                4318027.784666196
              ],
              [
                -595631.6334130293,
                4318073.265260676
              ],
              [
                -595622.7278537658,
                4318107.7203837875
              ],
              [
                -595613.8222945023,
                4318125.637091174
              ],
              [
                -595603.8035403308,
                4318138.0409829
              ],
              [
                -595593.7847861596,
                4318144.932040004
              ],
              [
                -595548.1437949343,
                4318162.84880902
              ],
              [
                -595539.2382356708,
                4318168.361666994
              ],
              [
                -595532.5590662232,
                4318179.387391371
              ],
              [
                -595524.7667018677,
                4318197.304217452
              ],
              [
                -595519.2007273281,
                4318224.868623211
              ],
              [
                -595516.9743375122,
                4318252.433099205
              ],
              [
                -595518.0875324202,
                4318300.6711011985
              ],
              [
                -595512.5215578804,
                4318314.453426992
              ],
              [
                -595512.5215578804,
                4318314.453426992
              ]
            ]
          ]
        ]
      }
    },
    {
      "type": "Feature",
      "properties": {
        "id": "042",
        "name": "EA 42",
        "status": "Enumeration Area",
        "area_km2": 0.009,
        "population_2001": 266,
        "population_2012": 301,
        "population_2022": 283,
        "density_2022": 31444.44,
        "longitude": -5.351687,
        "latitude": 36.143401
      },
      "geometry": {
        "type": "MultiPolygon",
        "coordinates": [
          [
            [
              [
                -595663.9160653593,
                4320519.851777003
              ],
              [
                -595661.6896755435,
                4320521.230291608
              ],
              [
                -595648.3313366482,
                4320503.309615447
              ],
              [
                -595738.5001241908,
                4320446.790754397
              ],
              [
                -595700.6514973211,
                4320354.431300167
              ],
              [
                -595709.5570565846,
                4320336.510900425
              ],
              [
                -595702.8778871369,
                4320322.725997753
              ],
              [
                -595687.2931584258,
                4320277.235943609
              ],
              [
                -595712.8966413083,
                4320262.072634752
              ],
              [
                -595717.34942094,
                4320273.100493631
              ],
              [
                -595749.63207327,
                4320306.184137742
              ],
              [
                -595769.6695816129,
                4320302.048676693
              ],
              [
                -595785.254310324,
                4320387.515193099
              ],
              [
                -595806.4050135746,
                4320428.870201598
              ],
              [
                -595663.9160653593,
                4320519.851777003
              ],
              [
                -595663.9160653593,
                4320519.851777003
              ]
            ]
          ]
        ]
      }
    },
    {
      "type": "Feature",
      "properties": {
        "id": "050",
        "name": "EA 50",
        "status": "Enumeration Area",
        "area_km2": 0.01,
        "population_2001": 320,
        "population_2012": 290,
        "population_2022": 295,
        "density_2022": 29500.0,
        "longitude": -5.3525,
        "latitude": 36.132504
      },
      "geometry": {
        "type": "MultiPolygon",
        "coordinates": [
          [
            [
              [
                -595825.3293270095,
                4318952.594339976
              ],
              [
                -595813.0841830223,
                4318937.432888174
              ],
              [
                -595805.2918186667,
                4318915.379905308
              ],
              [
                -595785.254310324,
                4318890.570353327
              ],
              [
                -595779.6883357844,
                4318879.543904045
              ],
              [
                -595776.3487510605,
                4318861.6259479355
              ],
              [
                -595775.2355561525,
                4318835.438219321
              ],
              [
                -595777.4619459684,
                4318817.520336272
              ],
              [
                -595787.4807001399,
                4318807.872257694
              ],
              [
                -595875.4230978665,
                4318785.819538971
              ],
              [
                -595880.9890724062,
                4318817.520336272
              ],
              [
                -595889.8946316696,
                4318863.004251199
              ],
              [
                -595895.4606062092,
                4318931.919638242
              ],
              [
                -595896.5738011173,
                4318944.32445454
              ],
              [
                -595858.7251742475,
                4318945.70276834
              ],
              [
                -595825.3293270095,
                4318952.594339976
              ],
              [
                -595825.3293270095,
                4318952.594339976
              ]
            ]
          ]
        ]
      }
    },
    {
      "type": "Feature",
      "properties": {
        "id": "055",
        "name": "EA 55",
        "status": "Enumeration Area",
        "area_km2": 0.012,
        "population_2001": 103,
        "population_2012": 254,
        "population_2022": 306,
        "density_2022": 25500.0,
        "longitude": -5.35221,
        "latitude": 36.126381
      },
      "geometry": {
        "type": "MultiPolygon",
        "coordinates": [
          [
            [
              [
                -595777.4619459684,
                4318178.00917521
              ],
              [
                -595764.1036070732,
                4318138.0409829
              ],
              [
                -595757.4244376256,
                4318110.476798377
              ],
              [
                -595761.8772172573,
                4318077.399869655
              ],
              [
                -595774.1223612446,
                4318026.40646935
              ],
              [
                -595774.1223612446,
                4318015.380900887
              ],
              [
                -595769.6695816129,
                4317998.842569262
              ],
              [
                -595732.9341496511,
                4317943.714979775
              ],
              [
                -595731.8209547431,
                4317931.311310854
              ],
              [
                -595739.6133190986,
                4317902.369472008
              ],
              [
                -595739.6133190986,
                4317894.100389416
              ],
              [
                -595734.047344559,
                4317881.696777377
              ],
              [
                -595740.7265140066,
                4317883.07495579
              ],
              [
                -595748.5188783621,
                4317887.209492084
              ],
              [
                -595761.8772172573,
                4317902.369472008
              ],
              [
                -595778.5751408763,
                4317938.202236276
              ],
              [
                -595801.9522339429,
                4317975.413309405
              ],
              [
                -595813.0841830223,
                4317979.547880987
              ],
              [
                -595825.3293270095,
                4317976.791499757
              ],
              [
                -595857.6119793396,
                4317954.740475198
              ],
              [
                -595883.215462222,
                4317927.176757706
              ],
              [
                -595906.5925552886,
                4317894.100389416
              ],
              [
                -595929.9696483552,
                4317867.915002904
              ],
              [
                -595942.2147923424,
                4317849.998722336
              ],
              [
                -595950.0071566979,
                4317823.813442569
              ],
              [
                -595956.6863261457,
                4317808.653572721
              ],
              [
                -595963.3654955932,
                4317804.519066451
              ],
              [
                -595971.1578599487,
                4317805.897235032
              ],
              [
                -595978.9502243042,
                4317811.409911115
              ],
              [
                -595981.1766141201,
                4317816.922590004
              ],
              [
                -595983.403003936,
                4317836.216988243
              ],
              [
                -595980.0634192122,
                4317851.376896711
              ],
              [
                -595970.0446650408,
                4317869.293179561
              ],
              [
                -595873.1967080507,
                4317961.631415546
              ],
              [
                -595862.0647589712,
                4317974.035119229
              ],
              [
                -595854.2723946158,
                4317987.81702889
              ],
              [
                -595846.4800302603,
                4318004.355343661
              ],
              [
                -595842.0272506286,
                4318023.650076181
              ],
              [
                -595826.4425219174,
                4318056.726840561
              ],
              [
                -595796.3862594033,
                4318095.3165268265
              ],
              [
                -595787.4807001399,
                4318113.233213669
              ],
              [
                -595780.8015306923,
                4318139.419193969
              ],
              [
                -595777.4619459684,
                4318178.00917521
              ],
              [
                -595777.4619459684,
                4318178.00917521
              ]
            ]
          ]
        ]
      }
    },
    {
      "type": "Feature",
      "properties": {
        "id": "049",
        "name": "EA 49",
        "status": "Enumeration Area",
        "area_km2": 0.008,
        "population_2001": 324,
        "population_2012": 270,
        "population_2022": 307,
        "density_2022": 38375.0,
        "longitude": -5.352349,
        "latitude": 36.131537
      },
      "geometry": {
        "type": "MultiPolygon",
        "coordinates": [
          [
            [
              [
                -595787.4807001399,
                4318807.872257694
              ],
              [
                -595768.556386705,
                4318711.391945209
              ],
              [
                -595764.1036070732,
                4318683.826299701
              ],
              [
                -595855.3855895237,
                4318665.90866779
              ],
              [
                -595858.7251742475,
                4318681.069739013
              ],
              [
                -595875.4230978665,
                4318785.819538971
              ],
              [
                -595787.4807001399,
                4318807.872257694
              ],
              [
                -595787.4807001399,
                4318807.872257694
              ]
            ]
          ]
        ]
      }
    },
    {
      "type": "Feature",
      "properties": {
        "id": "036",
        "name": "EA 36",
        "status": "Enumeration Area",
        "area_km2": 0.011,
        "population_2001": 142,
        "population_2012": 209,
        "population_2022": 340,
        "density_2022": 30909.09,
        "longitude": -5.351334,
        "latitude": 36.139796
      },
      "geometry": {
        "type": "MultiPolygon",
        "coordinates": [
          [
            [
              [
                -595661.6896755435,
                4319965.70313959
              ],
              [
                -595658.3500908196,
                4319859.563481672
              ],
              [
                -595655.0105060958,
                4319805.804831568
              ],
              [
                -595672.8216246228,
                4319772.722718172
              ],
              [
                -595685.06676861,
                4319757.560116683
              ],
              [
                -595697.3119125973,
                4319745.154367642
              ],
              [
                -595702.8778871369,
                4319752.046448686
              ],
              [
                -595707.3306667687,
                4319775.479557089
              ],
              [
                -595712.8966413083,
                4319792.020605355
              ],
              [
                -595750.745268178,
                4319848.53604448
              ],
              [
                -595791.9334797715,
                4319870.590930107
              ],
              [
                -595770.7827765208,
                4319894.024295367
              ],
              [
                -595754.0848529018,
                4319939.512737583
              ],
              [
                -595748.5188783621,
                4319965.70313959
              ],
              [
                -595746.2924885462,
                4319972.595361187
              ],
              [
                -595737.3869292829,
                4319957.432479473
              ],
              [
                -595728.4813700194,
                4319946.404942488
              ],
              [
                -595714.0098362163,
                4319942.269619018
              ],
              [
                -595702.8778871369,
                4319943.64806
              ],
              [
                -595685.06676861,
                4319949.16182568
              ],
              [
                -595661.6896755435,
                4319965.70313959
              ],
              [
                -595661.6896755435,
                4319965.70313959
              ]
            ]
          ]
        ]
      }
    },
    {
      "type": "Feature",
      "properties": {
        "id": "056",
        "name": "EA 56",
        "status": "Enumeration Area",
        "area_km2": 0.033,
        "population_2001": 124,
        "population_2012": 384,
        "population_2022": 358,
        "density_2022": 10848.48,
        "longitude": -5.352478,
        "latitude": 36.124047
      },
      "geometry": {
        "type": "MultiPolygon",
        "coordinates": [
          [
            [
              [
                -595745.1792936384,
                4317815.544420019
              ],
              [
                -595742.9529038225,
                4317810.03174183
              ],
              [
                -595742.9529038225,
                4317787.981057167
              ],
              [
                -595737.3869292829,
                4317730.098223761
              ],
              [
                -595725.1417852956,
                4317702.535078601
              ],
              [
                -595719.575810756,
                4317688.753532357
              ],
              [
                -595719.575810756,
                4317681.862765817
              ],
              [
                -595760.7640223495,
                4317644.652702342
              ],
              [
                -595768.556386705,
                4317630.8712298265
              ],
              [
                -595778.5751408763,
                4317595.039483448
              ],
              [
                -595784.1411154161,
                4317592.283200182
              ],
              [
                -595845.3668353524,
                4317608.820910318
              ],
              [
                -595850.932809892,
                4317606.064623539
              ],
              [
                -595854.2723946158,
                4317603.308337464
              ],
              [
                -595854.2723946158,
                4317588.1487765955
              ],
              [
                -595848.7064200761,
                4317575.7455153195
              ],
              [
                -595793.0466746795,
                4317497.191857446
              ],
              [
                -595793.0466746795,
                4317486.166828298
              ],
              [
                -595797.4994543112,
                4317479.276190787
              ],
              [
                -595800.839039035,
                4317476.51993701
              ],
              [
                -595809.7445982985,
                4317480.654317938
              ],
              [
                -595829.7821066412,
                4317490.301212912
              ],
              [
                -595843.1404455365,
                4317501.326246273
              ],
              [
                -595876.5362927745,
                4317519.241949446
              ],
              [
                -595893.2342163934,
                4317527.510745533
              ],
              [
                -595936.6488178028,
                4317538.535816811
              ],
              [
                -595953.3467414217,
                4317550.939035429
              ],
              [
                -595958.9127159615,
                4317564.720406124
              ],
              [
                -595962.2523006853,
                4317586.770635751
              ],
              [
                -595963.3654955932,
                4317629.493083542
              ],
              [
                -595960.0259108694,
                4317661.190492529
              ],
              [
                -595960.0259108694,
                4317688.753532357
              ],
              [
                -595963.3654955932,
                4317724.585589112
              ],
              [
                -595932.1960381711,
                4317724.585589112
              ],
              [
                -595919.950894184,
                4317728.720064835
              ],
              [
                -595893.2342163934,
                4317776.955731691
              ],
              [
                -595867.630733511,
                4317801.762729816
              ],
              [
                -595847.5932251683,
                4317810.03174183
              ],
              [
                -595745.1792936384,
                4317815.544420019
              ],
              [
                -595745.1792936384,
                4317815.544420019
              ]
            ]
          ]
        ]
      }
    },
    {
      "type": "Feature",
      "properties": {
        "id": "007",
        "name": "EA 7",
        "status": "Enumeration Area",
        "area_km2": 0.009,
        "population_2001": 344,
        "population_2012": 329,
        "population_2022": 360,
        "density_2022": 40000.0,
        "longitude": -5.348824,
        "latitude": 36.148133
      },
      "geometry": {
        "type": "MultiPolygon",
        "coordinates": [
          [
            [
              [
                -595383.3909485602,
                4320947.19972173
              ],
              [
                -595383.3909485602,
                4320941.685447143
              ],
              [
                -595380.0513638365,
                4320933.414040536
              ],
              [
                -595405.6548467189,
                4320925.1426402535
              ],
              [
                -595426.8055499697,
                4320960.985420505
              ],
              [
                -595511.4083629726,
                4320996.828319568
              ],
              [
                -595504.7291935249,
                4321011.992658785
              ],
              [
                -595495.8236342614,
                4321029.914178006
              ],
              [
                -595470.2201513789,
                4321065.7573055625
              ],
              [
                -595450.1826430362,
                4321078.164569707
              ],
              [
                -595426.8055499697,
                4321079.54315549
              ],
              [
                -595386.730533284,
                4321071.271643425
              ],
              [
                -595378.9381689285,
                4321069.893058696
              ],
              [
                -595371.145804573,
                4321056.107221071
              ],
              [
                -595356.6742707698,
                4321024.399861236
              ],
              [
                -595351.1082962302,
                4321003.721198393
              ],
              [
                -595354.4478809539,
                4321000.964046338
              ],
              [
                -595390.070118008,
                4320984.421148754
              ],
              [
                -595393.4097027316,
                4320981.664001617
              ],
              [
                -595393.4097027316,
                4320972.013992176
              ],
              [
                -595390.070118008,
                4320962.363991347
              ],
              [
                -595383.3909485602,
                4320947.19972173
              ],
              [
                -595383.3909485602,
                4320947.19972173
              ]
            ]
          ]
        ]
      }
    },
    {
      "type": "Feature",
      "properties": {
        "id": "005",
        "name": "EA 5",
        "status": "Enumeration Area",
        "area_km2": 0.008,
        "population_2001": 362,
        "population_2012": 343,
        "population_2022": 383,
        "density_2022": 47875.0,
        "longitude": -5.347788,
        "latitude": 36.147886
      },
      "geometry": {
        "type": "MultiPolygon",
        "coordinates": [
          [
            [
              [
                -595256.4867290559,
                4320966.499704935
              ],
              [
                -595262.0527035956,
                4320960.985420505
              ],
              [
                -595332.1839827952,
                4320930.656906406
              ],
              [
                -595353.3346860461,
                4320927.899772977
              ],
              [
                -595373.3721943889,
                4320937.549743048
              ],
              [
                -595383.3909485602,
                4320947.19972173
              ],
              [
                -595390.070118008,
                4320962.363991347
              ],
              [
                -595393.4097027316,
                4320972.013992176
              ],
              [
                -595393.4097027316,
                4320981.664001617
              ],
              [
                -595390.070118008,
                4320984.421148754
              ],
              [
                -595354.4478809539,
                4321000.964046338
              ],
              [
                -595351.1082962302,
                4321003.721198393
              ],
              [
                -595356.6742707698,
                4321024.399861236
              ],
              [
                -595371.145804573,
                4321056.107221071
              ],
              [
                -595378.9381689285,
                4321069.893058696
              ],
              [
                -595374.4853892968,
                4321068.514474142
              ],
              [
                -595346.6555165985,
                4321061.6215540115
              ],
              [
                -595303.240915189,
                4321042.321401021
              ],
              [
                -595290.9957712018,
                4321036.807077925
              ],
              [
                -595263.1658985035,
                4321016.128391353
              ],
              [
                -595234.2228308972,
                4321003.721198393
              ],
              [
                -595244.2415850686,
                4320978.906855185
              ],
              [
                -595256.4867290559,
                4320966.499704935
              ],
              [
                -595256.4867290559,
                4320966.499704935
              ]
            ]
          ]
        ]
      }
    },
    {
      "type": "Feature",
      "properties": {
        "id": "008",
        "name": "EA 8",
        "status": "Enumeration Area",
        "area_km2": 0.023,
        "population_2001": 399,
        "population_2012": 384,
        "population_2022": 396,
        "density_2022": 17217.39,
        "longitude": -5.349342,
        "latitude": 36.147218
      },
      "geometry": {
        "type": "MultiPolygon",
        "coordinates": [
          [
            [
              [
                -595353.3346860461,
                4320927.899772977
              ],
              [
                -595352.2214911381,
                4320918.24981152
              ],
              [
                -595321.052033716,
                4320894.814226689
              ],
              [
                -595318.8256439001,
                4320892.057102401
              ],
              [
                -595318.8256439001,
                4320887.921417288
              ],
              [
                -595378.9381689285,
                4320846.564653151
              ],
              [
                -595393.4097027316,
                4320853.457436189
              ],
              [
                -595408.9944314427,
                4320867.243015446
              ],
              [
                -595413.4472110744,
                4320867.243015446
              ],
              [
                -595478.0125157344,
                4320820.372117676
              ],
              [
                -595514.7479476962,
                4320795.558195226
              ],
              [
                -595545.9174051184,
                4320774.879970016
              ],
              [
                -595612.7090995944,
                4320739.037806658
              ],
              [
                -595642.7653621086,
                4320744.551977904
              ],
              [
                -595651.6709213721,
                4320747.309064581
              ],
              [
                -595655.0105060958,
                4320751.444695915
              ],
              [
                -595653.8973111879,
                4320763.851599406
              ],
              [
                -595626.0674384895,
                4320801.072395294
              ],
              [
                -595606.0299301468,
                4320824.507776955
              ],
              [
                -595587.1056167119,
                4320843.8075411655
              ],
              [
                -595539.2382356708,
                4320932.035473382
              ],
              [
                -595515.8611426043,
                4320987.178296593
              ],
              [
                -595511.4083629726,
                4320996.828319568
              ],
              [
                -595426.8055499697,
                4320960.985420505
              ],
              [
                -595405.6548467189,
                4320925.1426402535
              ],
              [
                -595380.0513638365,
                4320933.414040536
              ],
              [
                -595383.3909485602,
                4320941.685447143
              ],
              [
                -595383.3909485602,
                4320947.19972173
              ],
              [
                -595373.3721943889,
                4320937.549743048
              ],
              [
                -595353.3346860461,
                4320927.899772977
              ],
              [
                -595353.3346860461,
                4320927.899772977
              ]
            ]
          ]
        ]
      }
    },
    {
      "type": "Feature",
      "properties": {
        "id": "031",
        "name": "EA 31",
        "status": "Enumeration Area",
        "area_km2": 0.013,
        "population_2001": 421,
        "population_2012": 357,
        "population_2022": 398,
        "density_2022": 30615.38,
        "longitude": -5.351942,
        "latitude": 36.141333
      },
      "geometry": {
        "type": "MultiPolygon",
        "coordinates": [
          [
            [
              [
                -595742.9529038225,
                4320143.523862041
              ],
              [
                -595732.9341496511,
                4320107.683791241
              ],
              [
                -595725.1417852956,
                4320062.194641659
              ],
              [
                -595734.047344559,
                4320037.382458899
              ],
              [
                -595747.4056834541,
                4320034.625553218
              ],
              [
                -595742.9529038225,
                4319982.244478802
              ],
              [
                -595748.5188783621,
                4319965.70313959
              ],
              [
                -595754.0848529018,
                4319939.512737583
              ],
              [
                -595770.7827765208,
                4319894.024295367
              ],
              [
                -595791.9334797715,
                4319870.590930107
              ],
              [
                -595815.3105728381,
                4319870.590930107
              ],
              [
                -595811.9709881142,
                4319898.159600389
              ],
              [
                -595817.536962654,
                4319954.6755941715
              ],
              [
                -595805.2918186667,
                4320022.219486349
              ],
              [
                -595821.9897422857,
                4320082.871504113
              ],
              [
                -595828.6689117333,
                4320092.52072012
              ],
              [
                -595838.6876659048,
                4320133.874600525
              ],
              [
                -595791.9334797715,
                4320146.280795483
              ],
              [
                -595752.971657994,
                4320164.200879994
              ],
              [
                -595754.0848529018,
                4320146.280795483
              ],
              [
                -595742.9529038225,
                4320143.523862041
              ],
              [
                -595742.9529038225,
                4320143.523862041
              ]
            ]
          ]
        ]
      }
    },
    {
      "type": "Feature",
      "properties": {
        "id": "006",
        "name": "EA 6",
        "status": "Enumeration Area",
        "area_km2": 0.01,
        "population_2001": 413,
        "population_2012": 387,
        "population_2022": 405,
        "density_2022": 40500.0,
        "longitude": -5.347594,
        "latitude": 36.147314
      },
      "geometry": {
        "type": "MultiPolygon",
        "coordinates": [
          [
            [
              [
                -595229.7700512655,
                4320921.006942485
              ],
              [
                -595233.1096359893,
                4320916.871246299
              ],
              [
                -595304.354110097,
                4320857.593108119
              ],
              [
                -595460.2013972076,
                4320761.094508511
              ],
              [
                -595482.4652953662,
                4320788.665449097
              ],
              [
                -595494.7104393535,
                4320809.343700669
              ],
              [
                -595478.0125157344,
                4320820.372117676
              ],
              [
                -595413.4472110744,
                4320867.243015446
              ],
              [
                -595408.9944314427,
                4320867.243015446
              ],
              [
                -595393.4097027316,
                4320853.457436189
              ],
              [
                -595378.9381689285,
                4320846.564653151
              ],
              [
                -595318.8256439001,
                4320887.921417288
              ],
              [
                -595318.8256439001,
                4320892.057102401
              ],
              [
                -595321.052033716,
                4320894.814226689
              ],
              [
                -595352.2214911381,
                4320918.24981152
              ],
              [
                -595353.3346860461,
                4320927.899772977
              ],
              [
                -595332.1839827952,
                4320930.656906406
              ],
              [
                -595262.0527035956,
                4320960.985420505
              ],
              [
                -595256.4867290559,
                4320966.499704935
              ],
              [
                -595229.7700512655,
                4320921.006942485
              ],
              [
                -595229.7700512655,
                4320921.006942485
              ]
            ]
          ]
        ]
      }
    },
    {
      "type": "Feature",
      "properties": {
        "id": "009",
        "name": "EA 9",
        "status": "Enumeration Area",
        "area_km2": 0.017,
        "population_2001": 406,
        "population_2012": 356,
        "population_2022": 418,
        "density_2022": 24588.24,
        "longitude": -5.350711,
        "latitude": 36.145605
      },
      "geometry": {
        "type": "MultiPolygon",
        "coordinates": [
          [
            [
              [
                -595692.8591329656,
                4320719.738229443
              ],
              [
                -595655.0105060958,
                4320751.444695915
              ],
              [
                -595651.6709213721,
                4320747.309064581
              ],
              [
                -595642.7653621086,
                4320744.551977904
              ],
              [
                -595612.7090995944,
                4320739.037806658
              ],
              [
                -595545.9174051184,
                4320774.879970016
              ],
              [
                -595514.7479476962,
                4320795.558195226
              ],
              [
                -595494.7104393535,
                4320809.343700669
              ],
              [
                -595482.4652953662,
                4320788.665449097
              ],
              [
                -595451.2958379441,
                4320748.687608182
              ],
              [
                -595528.1062865914,
                4320685.274784379
              ],
              [
                -595561.5021338294,
                4320653.568511928
              ],
              [
                -595581.5396421723,
                4320639.783205079
              ],
              [
                -595627.1806333974,
                4320601.184439391
              ],
              [
                -595656.1237010037,
                4320605.320014837
              ],
              [
                -595678.3875991624,
                4320612.212644099
              ],
              [
                -595698.4251075052,
                4320624.619387842
              ],
              [
                -595702.8778871369,
                4320632.890558243
              ],
              [
                -595708.4438616766,
                4320646.675856307
              ],
              [
                -595708.4438616766,
                4320660.461171944
              ],
              [
                -595701.764692229,
                4320700.438686674
              ],
              [
                -595692.8591329656,
                4320719.738229443
              ],
              [
                -595692.8591329656,
                4320719.738229443
              ]
            ]
          ]
        ]
      }
    },
    {
      "type": "Feature",
      "properties": {
        "id": "013",
        "name": "EA 13",
        "status": "Enumeration Area",
        "area_km2": 0.104,
        "population_2001": 176,
        "population_2012": 164,
        "population_2022": 418,
        "density_2022": 4019.23,
        "longitude": -5.355093,
        "latitude": 36.14183
      },
      "geometry": {
        "type": "MultiPolygon",
        "coordinates": [
          [
            [
              [
                -595886.5550469458,
                4319215.855664048
              ],
              [
                -595880.9890724062,
                4319192.423768098
              ],
              [
                -595872.0835131427,
                4319163.478554947
              ],
              [
                -595869.8571233267,
                4319144.181789215
              ],
              [
                -595869.8571233267,
                4319129.020068859
              ],
              [
                -595876.5362927745,
                4319115.236705163
              ],
              [
                -595933.3092330791,
                4319076.643380254
              ],
              [
                -595963.3654955932,
                4319061.481754571
              ],
              [
                -595972.2710548567,
                4319058.7250976395
              ],
              [
                -595980.0634192122,
                4319061.481754571
              ],
              [
                -595986.7425886597,
                4319066.995070542
              ],
              [
                -595993.4217581074,
                4319079.400041752
              ],
              [
                -596000.1009275549,
                4319091.805027188
              ],
              [
                -596005.6669020946,
                4319112.48003453
              ],
              [
                -596016.798851174,
                4319215.855664048
              ],
              [
                -596089.1565201896,
                4319418.474764016
              ],
              [
                -596108.0808336245,
                4319483.258542391
              ],
              [
                -596122.5523674276,
                4319519.096543942
              ],
              [
                -596172.6461382846,
                4319621.097659879
              ],
              [
                -596220.5135193256,
                4319761.695369526
              ],
              [
                -596224.9662989574,
                4319783.75007806
              ],
              [
                -596220.5135193256,
                4319807.183255157
              ],
              [
                -596172.6461382846,
                4319910.565524944
              ],
              [
                -596169.3065535608,
                4319921.5930253845
              ],
              [
                -596168.1933586529,
                4319931.242097494
              ],
              [
                -596170.4197484687,
                4319947.783383996
              ],
              [
                -596174.8725281004,
                4319957.432479473
              ],
              [
                -596214.9475447859,
                4320011.191883301
              ],
              [
                -596226.0794938653,
                4320055.302362961
              ],
              [
                -596216.0607396939,
                4320085.6284220945
              ],
              [
                -596186.0044771797,
                4320231.746080821
              ],
              [
                -596165.966968837,
                4320304.80565055
              ],
              [
                -596152.6086299417,
                4320340.646374652
              ],
              [
                -596135.9107063228,
                4320370.973233981
              ],
              [
                -596112.5336132562,
                4320430.248704607
              ],
              [
                -596101.4016641768,
                4320472.982384986
              ],
              [
                -596100.2884692689,
                4320492.281521802
              ],
              [
                -596101.4016641768,
                4320508.823666488
              ],
              [
                -596123.6655623355,
                4320610.834117895
              ],
              [
                -596123.6655623355,
                4320621.8623324465
              ],
              [
                -596120.3259776117,
                4320625.9979158025
              ],
              [
                -596106.9676387166,
                4320632.890558243
              ],
              [
                -596024.5912155295,
                4320672.867971045
              ],
              [
                -595973.3842497646,
                4320694.924537925
              ],
              [
                -595973.3842497646,
                4320693.546001177
              ],
              [
                -595941.1015974346,
                4320672.867971045
              ],
              [
                -595946.6675719742,
                4320664.596770063
              ],
              [
                -595980.0634192122,
                4320649.43291803
              ],
              [
                -596072.4585965707,
                4320612.212644099
              ],
              [
                -596082.477350742,
                4320605.320014837
              ],
              [
                -596081.364155834,
                4320591.534769497
              ],
              [
                -596065.7794271229,
                4320535.015447326
              ],
              [
                -596052.4210882278,
                4320471.603876531
              ],
              [
                -596022.3648257136,
                4320449.547765156
              ],
              [
                -596017.9120460819,
                4320446.790754397
              ],
              [
                -596027.9308002533,
                4320412.328179221
              ],
              [
                -596036.8363595167,
                4320362.702263911
              ],
              [
                -596039.0627493326,
                4320325.482976881
              ],
              [
                -596039.0627493326,
                4320219.339787818
              ],
              [
                -596044.6287238722,
                4320169.714758124
              ],
              [
                -596075.7981812943,
                4320045.653180161
              ],
              [
                -596079.1377660182,
                4320038.760912004
              ],
              [
                -596084.7037405579,
                4320019.462584532
              ],
              [
                -596089.1565201896,
                4319982.244478802
              ],
              [
                -596079.1377660182,
                4319931.242097494
              ],
              [
                -596076.9113762024,
                4319888.510557797
              ],
              [
                -596079.1377660182,
                4319865.0772044845
              ],
              [
                -596088.0433252816,
                4319814.075375731
              ],
              [
                -596086.9301303737,
                4319750.668032126
              ],
              [
                -596083.5905456499,
                4319727.234977481
              ],
              [
                -596081.364155834,
                4319688.639468746
              ],
              [
                -596082.477350742,
                4319661.071332548
              ],
              [
                -596072.4585965707,
                4319575.610556903
              ],
              [
                -596059.1002576754,
                4319546.664318251
              ],
              [
                -596052.4210882278,
                4319525.988480932
              ],
              [
                -596043.5155289645,
                4319513.582997512
              ],
              [
                -596031.2703849771,
                4319480.501777959
              ],
              [
                -596026.8176053453,
                4319462.582826281
              ],
              [
                -596024.5912155295,
                4319441.907149698
              ],
              [
                -596005.6669020946,
                4319357.826472108
              ],
              [
                -595966.705080317,
                4319224.125757094
              ],
              [
                -595958.9127159615,
                4319206.207230156
              ],
              [
                -595954.4599363297,
                4319204.828883161
              ],
              [
                -595886.5550469458,
                4319215.855664048
              ],
              [
                -595886.5550469458,
                4319215.855664048
              ]
            ]
          ]
        ]
      }
    },
    {
      "type": "Feature",
      "properties": {
        "id": "060",
        "name": "EA 60",
        "status": "Enumeration Area",
        "area_km2": 0.108,
        "population_2001": 256,
        "population_2012": 407,
        "population_2022": 418,
        "density_2022": 3870.37,
        "longitude": -5.350137,
        "latitude": 36.120931
      },
      "geometry": {
        "type": "MultiPolygon",
        "coordinates": [
          [
            [
              [
                -595580.4264472643,
                4317418.638769908
              ],
              [
                -595509.1819731566,
                4317375.917154715
              ],
              [
                -595452.409032852,
                4317329.06138363
              ],
              [
                -595441.2770837727,
                4317315.280313103
              ],
              [
                -595422.3527703378,
                4317276.693409014
              ],
              [
                -595425.6923550616,
                4317271.181005377
              ],
              [
                -595433.4847194172,
                4317262.912405189
              ],
              [
                -595456.8618124838,
                4317261.534305771
              ],
              [
                -595476.8993208266,
                4317227.081877391
              ],
              [
                -595484.6916851822,
                4317213.300936756
              ],
              [
                -595489.1444648139,
                4317198.14192233
              ],
              [
                -595508.0687782487,
                4317167.823957193
              ],
              [
                -595508.0687782487,
                4317156.79926366
              ],
              [
                -595505.8423884328,
                4317147.152666033
              ],
              [
                -595510.2951680647,
                4317138.884160629
              ],
              [
                -595505.8423884328,
                4317111.322521578
              ],
              [
                -595499.1632189852,
                4317101.675964496
              ],
              [
                -595498.0500240773,
                4317097.541728379
              ],
              [
                -595520.313922236,
                4317065.845970632
              ],
              [
                -595526.9930916836,
                4317047.931018192
              ],
              [
                -595529.2194814994,
                4317010.723134828
              ],
              [
                -595522.5403120518,
                4316981.783758448
              ],
              [
                -595523.6535069598,
                4316973.515379411
              ],
              [
                -595530.3326764073,
                4316945.954161592
              ],
              [
                -595528.1062865914,
                4316939.063868106
              ],
              [
                -595537.0118458549,
                4316928.039407655
              ],
              [
                -595547.0306000264,
                4316901.856359102
              ],
              [
                -595575.9736676327,
                4316848.112405303
              ],
              [
                -595574.8604727247,
                4316839.844128412
              ],
              [
                -595563.7285236453,
                4316827.44172492
              ],
              [
                -595545.9174051184,
                4316795.746758359
              ],
              [
                -595545.9174051184,
                4316776.454215472
              ],
              [
                -595542.5778203947,
                4316770.942066679
              ],
              [
                -595535.8986509469,
                4316768.185993336
              ],
              [
                -595528.1062865914,
                4316766.8079569265
              ],
              [
                -595509.1819731566,
                4316755.783671977
              ],
              [
                -595499.1632189852,
                4316746.13743186
              ],
              [
                -595476.8993208266,
                4316732.357103752
              ],
              [
                -595465.7673717473,
                4316725.46694628
              ],
              [
                -595457.9750073918,
                4316700.662415702
              ],
              [
                -595442.3902786807,
                4316692.394251479
              ],
              [
                -595435.7111092331,
                4316682.748067869
              ],
              [
                -595422.3527703378,
                4316648.29748232
              ],
              [
                -595431.2583296013,
                4316617.981057762
              ],
              [
                -595427.9187448774,
                4316609.712956716
              ],
              [
                -595408.9944314427,
                4316602.822877335
              ],
              [
                -595404.541651811,
                4316595.932802344
              ],
              [
                -595398.9756772713,
                4316576.640615702
              ],
              [
                -595387.843728192,
                4316551.836426273
              ],
              [
                -595376.7117791126,
                4316544.9463837445
              ],
              [
                -595363.3534402174,
                4316538.0563456025
              ],
              [
                -595362.2402453094,
                4316531.166311849
              ],
              [
                -595371.145804573,
                4316509.118233315
              ],
              [
                -595390.070118008,
                4316506.362226658
              ],
              [
                -595398.9756772713,
                4316492.582203896
              ],
              [
                -595400.0888721792,
                4316456.75422684
              ],
              [
                -595405.6548467189,
                4316444.352262419
              ],
              [
                -595411.2208212586,
                4316415.414400713
              ],
              [
                -595415.6736008902,
                4316408.524445045
              ],
              [
                -595460.2013972076,
                4316375.452718909
              ],
              [
                -595476.8993208266,
                4316372.696746292
              ],
              [
                -595500.2764138932,
                4316379.586679148
              ],
              [
                -595502.502803709,
                4316382.342653519
              ],
              [
                -595500.2764138932,
                4316389.232592517
              ],
              [
                -595498.0500240773,
                4316387.854604365
              ],
              [
                -595498.0500240773,
                4316394.744546872
              ],
              [
                -595492.4840495376,
                4316400.256504036
              ],
              [
                -595486.918074998,
                4316404.390473751
              ],
              [
                -595485.8048800899,
                4316411.280426785
              ],
              [
                -595485.8048800899,
                4316416.792392373
              ],
              [
                -595498.0500240773,
                4316460.888218137
              ],
              [
                -595500.2764138932,
                4316466.400208993
              ],
              [
                -595503.615998617,
                4316466.400208993
              ],
              [
                -595505.8423884328,
                4316474.668200539
              ],
              [
                -595520.313922236,
                4316495.338207044
              ],
              [
                -595535.8986509469,
                4316498.094210894
              ],
              [
                -595542.5778203947,
                4316503.606220701
              ],
              [
                -595542.5778203947,
                4316506.362226658
              ],
              [
                -595550.3701847501,
                4316521.5202719625
              ],
              [
                -595550.3701847501,
                4316525.654288003
              ],
              [
                -595552.596574566,
                4316524.276282482
              ],
              [
                -595557.0493541978,
                4316532.5443182485
              ],
              [
                -595569.294498185,
                4316540.812360334
              ],
              [
                -595578.2000574485,
                4316544.9463837445
              ],
              [
                -595587.1056167119,
                4316558.72647319
              ],
              [
                -595591.5583963437,
                4316578.018627892
              ],
              [
                -595590.4452014357,
                4316586.286704723
              ],
              [
                -595593.7847861596,
                4316594.554787871
              ],
              [
                -595592.6715912516,
                4316600.066846812
              ],
              [
                -595596.0111759753,
                4316609.712956716
              ],
              [
                -595599.3507606992,
                4316612.468989696
              ],
              [
                -595599.3507606992,
                4316626.249165128
              ],
              [
                -595604.9167352389,
                4316629.00520232
              ],
              [
                -595608.2563199626,
                4316627.627183636
              ],
              [
                -595608.2563199626,
                4316634.517278809
              ],
              [
                -595604.9167352389,
                4316634.517278809
              ],
              [
                -595604.9167352389,
                4316637.273318108
              ],
              [
                -595602.690345423,
                4316635.895298372
              ],
              [
                -595602.690345423,
                4316640.029358108
              ],
              [
                -595606.0299301468,
                4316641.407378371
              ],
              [
                -595602.690345423,
                4316644.1634194255
              ],
              [
                -595602.690345423,
                4316648.29748232
              ],
              [
                -595608.2563199626,
                4316648.29748232
              ],
              [
                -595609.3695148706,
                4316649.675503636
              ],
              [
                -595607.1431250548,
                4316651.0535251275
              ],
              [
                -595610.4827097785,
                4316651.0535251275
              ],
              [
                -595612.7090995944,
                4316656.565612849
              ],
              [
                -595614.9354894103,
                4316656.565612849
              ],
              [
                -595610.4827097785,
                4316659.321657763
              ],
              [
                -595608.2563199626,
                4316663.455726449
              ],
              [
                -595613.8222945023,
                4316664.833749696
              ],
              [
                -595609.3695148706,
                4316666.211773118
              ],
              [
                -595610.4827097785,
                4316670.345844436
              ],
              [
                -595608.2563199626,
                4316685.504119453
              ],
              [
                -595610.4827097785,
                4316686.882145506
              ],
              [
                -595610.4827097785,
                4316700.662415702
              ],
              [
                -595614.9354894103,
                4316708.930586243
              ],
              [
                -595613.8222945023,
                4316714.442703447
              ],
              [
                -595611.5959046864,
                4316719.954823459
              ],
              [
                -595614.9354894103,
                4316730.979071905
              ],
              [
                -595613.8222945023,
                4316735.113167968
              ],
              [
                -595618.275074134,
                4316739.247265613
              ],
              [
                -595616.0486843181,
                4316744.759398258
              ],
              [
                -595618.275074134,
                4316757.161706982
              ],
              [
                -595621.6146588578,
                4316759.917777516
              ],
              [
                -595620.5014639499,
                4316762.673848755
              ],
              [
                -595622.7278537658,
                4316775.076178011
              ],
              [
                -595624.9542435816,
                4316779.210290921
              ],
              [
                -595631.6334130293,
                4316783.344405412
              ],
              [
                -595643.8785570165,
                4316786.100482617
              ],
              [
                -595642.7653621086,
                4316791.612639131
              ],
              [
                -595624.9542435816,
                4316794.368718441
              ],
              [
                -595626.0674384895,
                4316798.502838722
              ],
              [
                -595634.9729977531,
                4316801.258919787
              ],
              [
                -595627.1806333974,
                4316808.149125522
              ],
              [
                -595628.2938283054,
                4316816.417378196
              ],
              [
                -595640.5389722927,
                4316815.039335644
              ],
              [
                -595640.5389722927,
                4316816.417378196
              ],
              [
                -595629.4070232133,
                4316819.173463822
              ],
              [
                -595631.6334130293,
                4316826.0636809645
              ],
              [
                -595632.7466079372,
                4316828.81976905
              ],
              [
                -595634.9729977531,
                4316828.81976905
              ],
              [
                -595636.086192661,
                4316834.331947327
              ],
              [
                -595639.4257773848,
                4316835.709992335
              ],
              [
                -595638.3125824769,
                4316839.844128412
              ],
              [
                -595640.5389722927,
                4316841.222174122
              ],
              [
                -595637.1993875689,
                4316848.112405303
              ],
              [
                -595659.4632857275,
                4316845.356312304
              ],
              [
                -595671.7084297148,
                4316850.868499005
              ],
              [
                -595675.0480144386,
                4316866.027026909
              ],
              [
                -595678.3875991624,
                4316866.027026909
              ],
              [
                -595678.3875991624,
                4316871.53922414
              ],
              [
                -595680.6139889783,
                4316874.295323808
              ],
              [
                -595679.5007940703,
                4316878.429474627
              ],
              [
                -595685.06676861,
                4316889.453884533
              ],
              [
                -595686.1799635179,
                4316900.47830567
              ],
              [
                -595697.3119125973,
                4316928.039407655
              ],
              [
                -595698.4251075052,
                4316936.30775194
              ],
              [
                -595705.1042769528,
                4316951.466399539
              ],
              [
                -595706.2174718607,
                4316958.356700924
              ],
              [
                -595716.2362260321,
                4316974.893442146
              ],
              [
                -595716.2362260321,
                4316979.027631399
              ],
              [
                -595712.8966413083,
                4316980.405694836
              ],
              [
                -595693.9723278735,
                4316966.625068374
              ],
              [
                -595680.6139889783,
                4316973.515379411
              ],
              [
                -595675.0480144386,
                4316987.296014648
              ],
              [
                -595673.9348195306,
                4317006.588933463
              ],
              [
                -595678.3875991624,
                4317025.88188668
              ],
              [
                -595688.4063533337,
                4317046.552946157
              ],
              [
                -595710.6702514924,
                4317032.772235451
              ],
              [
                -595717.34942094,
                4317043.796802612
              ],
              [
                -595693.9723278735,
                4317056.199454094
              ],
              [
                -595720.6890056639,
                4317098.919806909
              ],
              [
                -595727.3681751115,
                4317098.919806909
              ],
              [
                -595729.5945649274,
                4317104.432122784
              ],
              [
                -595741.8397089145,
                4317120.969087258
              ],
              [
                -595746.2924885462,
                4317122.3471687725
              ],
              [
                -595747.4056834541,
                4317116.834843771
              ],
              [
                -595749.63207327,
                4317115.456762959
              ],
              [
                -595746.2924885462,
                4317129.237578973
              ],
              [
                -595742.9529038225,
                4317133.3718272
              ],
              [
                -595734.047344559,
                4317137.506077008
              ],
              [
                -595724.0285903875,
                4317147.152666033
              ],
              [
                -595702.8778871369,
                4317149.908835906
              ],
              [
                -595667.2556500831,
                4317165.067782756
              ],
              [
                -595659.4632857275,
                4317169.202044674
              ],
              [
                -595656.1237010037,
                4317174.714396356
              ],
              [
                -595656.1237010037,
                4317180.226750845
              ],
              [
                -595662.8028704514,
                4317196.763831162
              ],
              [
                -595656.1237010037,
                4317211.922843657
              ],
              [
                -595692.8591329656,
                4317269.802904907
              ],
              [
                -595727.3681751115,
                4317337.3300343705
              ],
              [
                -595728.4813700194,
                4317340.0862526875
              ],
              [
                -595691.7459380575,
                4317348.354911855
              ],
              [
                -595682.8403787941,
                4317351.11113298
              ],
              [
                -595673.9348195306,
                4317362.136024508
              ],
              [
                -595661.6896755435,
                4317371.78281381
              ],
              [
                -595657.2368959117,
                4317382.807726401
              ],
              [
                -595634.9729977531,
                4317396.588882938
              ],
              [
                -595599.3507606992,
                4317404.857585285
              ],
              [
                -595580.4264472643,
                4317415.882531579
              ],
              [
                -595580.4264472643,
                4317418.638769908
              ],
              [
                -595580.4264472643,
                4317418.638769908
              ]
            ]
          ]
        ]
      }
    },
    {
      "type": "Feature",
      "properties": {
        "id": "053",
        "name": "EA 53",
        "status": "Enumeration Area",
        "area_km2": 0.023,
        "population_2001": 288,
        "population_2012": 440,
        "population_2022": 424,
        "density_2022": 18434.78,
        "longitude": -5.351372,
        "latitude": 36.126932
      },
      "geometry": {
        "type": "MultiPolygon",
        "coordinates": [
          [
            [
              [
                -595783.0279205081,
                4318350.287556229
              ],
              [
                -595771.8959714288,
                4318342.018131254
              ],
              [
                -595742.9529038225,
                4318332.370476774
              ],
              [
                -595727.3681751115,
                4318322.722830895
              ],
              [
                -595721.8022005719,
                4318311.696960428
              ],
              [
                -595717.34942094,
                4318295.158175799
              ],
              [
                -595717.34942094,
                4318279.997645434
              ],
              [
                -595724.0285903875,
                4318257.946002832
              ],
              [
                -595721.8022005719,
                4318217.977515187
              ],
              [
                -595719.575810756,
                4318209.708191351
              ],
              [
                -595718.4626158479,
                4318205.573531805
              ],
              [
                -595712.8966413083,
                4318202.817092985
              ],
              [
                -595683.953573702,
                4318205.573531805
              ],
              [
                -595677.2744042545,
                4318200.060654867
              ],
              [
                -595660.5764806354,
                4318102.207556714
              ],
              [
                -595657.2368959117,
                4318080.1562765185
              ],
              [
                -595655.0105060958,
                4318056.726840561
              ],
              [
                -595658.3500908196,
                4318041.566644332
              ],
              [
                -595663.9160653593,
                4318036.053850972
              ],
              [
                -595682.8403787941,
                4318027.784666196
              ],
              [
                -595688.4063533337,
                4318019.515487744
              ],
              [
                -595676.1612093465,
                4317929.933126295
              ],
              [
                -595676.1612093465,
                4317912.016743019
              ],
              [
                -595676.1612093465,
                4317905.125834276
              ],
              [
                -595681.7271838861,
                4317884.45313438
              ],
              [
                -595685.06676861,
                4317880.318599141
              ],
              [
                -595689.5195482416,
                4317876.184065483
              ],
              [
                -595698.4251075052,
                4317873.427710587
              ],
              [
                -595718.4626158479,
                4317873.427710587
              ],
              [
                -595721.8022005719,
                4317877.562243192
              ],
              [
                -595734.047344559,
                4317881.696777377
              ],
              [
                -595739.6133190986,
                4317894.100389416
              ],
              [
                -595739.6133190986,
                4317902.369472008
              ],
              [
                -595731.8209547431,
                4317931.311310854
              ],
              [
                -595732.9341496511,
                4317943.714979775
              ],
              [
                -595769.6695816129,
                4317998.842569262
              ],
              [
                -595774.1223612446,
                4318015.380900887
              ],
              [
                -595774.1223612446,
                4318026.40646935
              ],
              [
                -595761.8772172573,
                4318077.399869655
              ],
              [
                -595757.4244376256,
                4318110.476798377
              ],
              [
                -595764.1036070732,
                4318138.0409829
              ],
              [
                -595777.4619459684,
                4318178.00917521
              ],
              [
                -595777.4619459684,
                4318293.779944887
              ],
              [
                -595781.9147256003,
                4318337.883421137
              ],
              [
                -595783.0279205081,
                4318350.287556229
              ],
              [
                -595783.0279205081,
                4318350.287556229
              ]
            ]
          ]
        ]
      }
    },
    {
      "type": "Feature",
      "properties": {
        "id": "043",
        "name": "EA 43",
        "status": "Enumeration Area",
        "area_km2": 0.082,
        "population_2001": 425,
        "population_2012": 496,
        "population_2022": 454,
        "density_2022": 5536.59,
        "longitude": -5.348954,
        "latitude": 36.141517
      },
      "geometry": {
        "type": "MultiPolygon",
        "coordinates": [
          [
            [
              [
                -595660.5764806354,
                4319945.026501156
              ],
              [
                -595643.8785570165,
                4319979.487587177
              ],
              [
                -595604.9167352389,
                4320091.142260163
              ],
              [
                -595571.5208880008,
                4320165.579349264
              ],
              [
                -595548.1437949343,
                4320209.6904586535
              ],
              [
                -595545.9174051184,
                4320216.582835749
              ],
              [
                -595540.3514305787,
                4320219.339787818
              ],
              [
                -595530.3326764073,
                4320271.722010655
              ],
              [
                -595508.0687782487,
                4320358.566781249
              ],
              [
                -595500.2764138932,
                4320424.7346936315
              ],
              [
                -595492.4840495376,
                4320448.169259689
              ],
              [
                -595474.6729310107,
                4320478.496420562
              ],
              [
                -595461.3145921156,
                4320495.038544159
              ],
              [
                -595452.409032852,
                4320449.547765156
              ],
              [
                -595431.2583296013,
                4320399.921679043
              ],
              [
                -595422.3527703378,
                4320376.487217541
              ],
              [
                -595417.8999907061,
                4320351.674313659
              ],
              [
                -595415.6736008902,
                4320330.996937247
              ],
              [
                -595417.8999907061,
                4320317.212041605
              ],
              [
                -595408.9944314427,
                4320314.4550645845
              ],
              [
                -595387.843728192,
                4320311.698088268
              ],
              [
                -595293.2221610177,
                4320286.885333043
              ],
              [
                -595286.5429915701,
                4320260.694153183
              ],
              [
                -595258.7131188718,
                4320204.17656014
              ],
              [
                -595256.4867290559,
                4320194.5272445055
              ],
              [
                -595256.4867290559,
                4320176.607109743
              ],
              [
                -595298.7881355573,
                4320106.305329352
              ],
              [
                -595309.9200846367,
                4320078.736128459
              ],
              [
                -595315.4860591764,
                4320005.678085994
              ],
              [
                -595304.354110097,
                4319949.16182568
              ],
              [
                -595316.5992540843,
                4319943.64806
              ],
              [
                -595338.863152243,
                4319939.512737583
              ],
              [
                -595371.145804573,
                4319936.75585685
              ],
              [
                -595433.4847194172,
                4319924.349902252
              ],
              [
                -595540.3514305787,
                4319907.808651591
              ],
              [
                -595659.4632857275,
                4319921.5930253845
              ],
              [
                -595660.5764806354,
                4319945.026501156
              ],
              [
                -595660.5764806354,
                4319945.026501156
              ]
            ]
          ]
        ]
      }
    },
    {
      "type": "Feature",
      "properties": {
        "id": "061",
        "name": "EA 61",
        "status": "Enumeration Area",
        "area_km2": 0.115,
        "population_2001": 52,
        "population_2012": 243,
        "population_2022": 459,
        "density_2022": 3991.3,
        "longitude": -5.348368,
        "latitude": 36.118983
      },
      "geometry": {
        "type": "MultiPolygon",
        "coordinates": [
          [
            [
              [
                -595425.6923550616,
                4317271.181005377
              ],
              [
                -595337.7499573351,
                4317233.972354291
              ],
              [
                -595316.5992540843,
                4317220.191404878
              ],
              [
                -595282.0902119383,
                4317180.226750845
              ],
              [
                -595272.0714577669,
                4317173.336308173
              ],
              [
                -595268.7318730431,
                4317173.336308173
              ],
              [
                -595268.7318730431,
                4317184.361018554
              ],
              [
                -595277.6374323067,
                4317221.569499032
              ],
              [
                -595290.9957712018,
                4317246.375223769
              ],
              [
                -595309.9200846367,
                4317275.315307841
              ],
              [
                -595312.1464744526,
                4317286.340122135
              ],
              [
                -595306.5804999128,
                4317290.47443039
              ],
              [
                -595294.3353559256,
                4317289.096327463
              ],
              [
                -595285.4297966622,
                4317264.2905047815
              ],
              [
                -595270.958262859,
                4317238.106642536
              ],
              [
                -595236.4492207131,
                4317198.14192233
              ],
              [
                -595195.2610091196,
                4317143.01841254
              ],
              [
                -595176.3366956847,
                4317111.322521578
              ],
              [
                -595161.8651618815,
                4317094.785571845
              ],
              [
                -595148.5068229864,
                4317060.333674415
              ],
              [
                -595117.3373655643,
                4317017.613473946
              ],
              [
                -595112.8845859326,
                4317005.210866693
              ],
              [
                -595112.8845859326,
                4316996.942469755
              ],
              [
                -595118.4505604723,
                4316990.052143801
              ],
              [
                -595170.7707211451,
                4316969.381192263
              ],
              [
                -595181.9026702244,
                4316959.734761727
              ],
              [
                -595203.0533734751,
                4316956.978640296
              ],
              [
                -595225.3172716338,
                4316945.954161592
              ],
              [
                -595230.8832461735,
                4316940.441926453
              ],
              [
                -595227.5436614496,
                4316923.905237882
              ],
              [
                -595252.0339494243,
                4316893.588041143
              ],
              [
                -595269.8450679511,
                4316875.673373906
              ],
              [
                -595277.6374323067,
                4316878.429474627
              ],
              [
                -595285.4297966622,
                4316872.917273886
              ],
              [
                -595297.6749406494,
                4316874.295323808
              ],
              [
                -595301.0145253732,
                4316870.161174568
              ],
              [
                -595303.240915189,
                4316855.002640873
              ],
              [
                -595312.1464744526,
                4316830.197813356
              ],
              [
                -595319.9388388081,
                4316816.417378196
              ],
              [
                -595322.165228624,
                4316804.015001555
              ],
              [
                -595318.8256439001,
                4316783.344405412
              ],
              [
                -595311.0332795446,
                4316762.673848755
              ],
              [
                -595303.240915189,
                4316725.46694628
              ],
              [
                -595282.0902119383,
                4316700.662415702
              ],
              [
                -595280.9770170305,
                4316685.504119453
              ],
              [
                -595289.8825762938,
                4316653.809568639
              ],
              [
                -595298.7881355573,
                4316640.029358108
              ],
              [
                -595305.467305005,
                4316619.359075218
              ],
              [
                -595308.8068897288,
                4316612.468989696
              ],
              [
                -595317.7124489923,
                4316611.090973118
              ],
              [
                -595328.8443980715,
                4316584.908691478
              ],
              [
                -595334.4103726111,
                4316576.640615702
              ],
              [
                -595336.636762427,
                4316568.372546242
              ],
              [
                -595332.1839827952,
                4316544.9463837445
              ],
              [
                -595338.863152243,
                4316518.764262147
              ],
              [
                -595346.6555165985,
                4316510.496236907
              ],
              [
                -595371.145804573,
                4316509.118233315
              ],
              [
                -595362.2402453094,
                4316531.166311849
              ],
              [
                -595363.3534402174,
                4316538.0563456025
              ],
              [
                -595376.7117791126,
                4316544.9463837445
              ],
              [
                -595387.843728192,
                4316551.836426273
              ],
              [
                -595398.9756772713,
                4316576.640615702
              ],
              [
                -595404.541651811,
                4316595.932802344
              ],
              [
                -595408.9944314427,
                4316602.822877335
              ],
              [
                -595427.9187448774,
                4316609.712956716
              ],
              [
                -595431.2583296013,
                4316617.981057762
              ],
              [
                -595422.3527703378,
                4316648.29748232
              ],
              [
                -595435.7111092331,
                4316682.748067869
              ],
              [
                -595442.3902786807,
                4316692.394251479
              ],
              [
                -595457.9750073918,
                4316700.662415702
              ],
              [
                -595465.7673717473,
                4316725.46694628
              ],
              [
                -595476.8993208266,
                4316732.357103752
              ],
              [
                -595499.1632189852,
                4316746.13743186
              ],
              [
                -595509.1819731566,
                4316755.783671977
              ],
              [
                -595528.1062865914,
                4316766.8079569265
              ],
              [
                -595535.8986509469,
                4316768.185993336
              ],
              [
                -595542.5778203947,
                4316770.942066679
              ],
              [
                -595545.9174051184,
                4316776.454215472
              ],
              [
                -595545.9174051184,
                4316795.746758359
              ],
              [
                -595563.7285236453,
                4316827.44172492
              ],
              [
                -595574.8604727247,
                4316839.844128412
              ],
              [
                -595575.9736676327,
                4316848.112405303
              ],
              [
                -595547.0306000264,
                4316901.856359102
              ],
              [
                -595537.0118458549,
                4316928.039407655
              ],
              [
                -595528.1062865914,
                4316939.063868106
              ],
              [
                -595530.3326764073,
                4316945.954161592
              ],
              [
                -595523.6535069598,
                4316973.515379411
              ],
              [
                -595522.5403120518,
                4316981.783758448
              ],
              [
                -595529.2194814994,
                4317010.723134828
              ],
              [
                -595526.9930916836,
                4317047.931018192
              ],
              [
                -595520.313922236,
                4317065.845970632
              ],
              [
                -595498.0500240773,
                4317097.541728379
              ],
              [
                -595499.1632189852,
                4317101.675964496
              ],
              [
                -595505.8423884328,
                4317111.322521578
              ],
              [
                -595510.2951680647,
                4317138.884160629
              ],
              [
                -595505.8423884328,
                4317147.152666033
              ],
              [
                -595508.0687782487,
                4317156.79926366
              ],
              [
                -595508.0687782487,
                4317167.823957193
              ],
              [
                -595489.1444648139,
                4317198.14192233
              ],
              [
                -595484.6916851822,
                4317213.300936756
              ],
              [
                -595476.8993208266,
                4317227.081877391
              ],
              [
                -595456.8618124838,
                4317261.534305771
              ],
              [
                -595433.4847194172,
                4317262.912405189
              ],
              [
                -595425.6923550616,
                4317271.181005377
              ],
              [
                -595425.6923550616,
                4317271.181005377
              ]
            ]
          ]
        ]
      }
    },
    {
      "type": "Feature",
      "properties": {
        "id": "047",
        "name": "EA 47",
        "status": "Enumeration Area",
        "area_km2": 0.026,
        "population_2001": 434,
        "population_2012": 408,
        "population_2022": 483,
        "density_2022": 18576.92,
        "longitude": -5.350174,
        "latitude": 36.127945
      },
      "geometry": {
        "type": "MultiPolygon",
        "coordinates": [
          [
            [
              [
                -595532.5590662232,
                4318514.299124253
              ],
              [
                -595511.4083629726,
                4318449.521149009
              ],
              [
                -595503.615998617,
                4318419.199676858
              ],
              [
                -595499.1632189852,
                4318393.013019305
              ],
              [
                -595498.0500240773,
                4318370.961146324
              ],
              [
                -595512.5215578804,
                4318314.453426992
              ],
              [
                -595518.0875324202,
                4318300.6711011985
              ],
              [
                -595516.9743375122,
                4318252.433099205
              ],
              [
                -595519.2007273281,
                4318224.868623211
              ],
              [
                -595524.7667018677,
                4318197.304217452
              ],
              [
                -595532.5590662232,
                4318179.387391371
              ],
              [
                -595539.2382356708,
                4318168.361666994
              ],
              [
                -595548.1437949343,
                4318162.84880902
              ],
              [
                -595593.7847861596,
                4318144.932040004
              ],
              [
                -595603.8035403308,
                4318138.0409829
              ],
              [
                -595613.8222945023,
                4318125.637091174
              ],
              [
                -595622.7278537658,
                4318107.7203837875
              ],
              [
                -595631.6334130293,
                4318073.265260676
              ],
              [
                -595637.1993875689,
                4318027.784666196
              ],
              [
                -595628.2938283054,
                4317947.849539242
              ],
              [
                -595672.8216246228,
                4317877.562243192
              ],
              [
                -595685.06676861,
                4317880.318599141
              ],
              [
                -595681.7271838861,
                4317884.45313438
              ],
              [
                -595676.1612093465,
                4317905.125834276
              ],
              [
                -595676.1612093465,
                4317912.016743019
              ],
              [
                -595676.1612093465,
                4317929.933126295
              ],
              [
                -595688.4063533337,
                4318019.515487744
              ],
              [
                -595682.8403787941,
                4318027.784666196
              ],
              [
                -595663.9160653593,
                4318036.053850972
              ],
              [
                -595658.3500908196,
                4318041.566644332
              ],
              [
                -595656.1237010037,
                4318048.457639985
              ],
              [
                -595655.0105060958,
                4318066.374249222
              ],
              [
                -595660.5764806354,
                4318102.207556714
              ],
              [
                -595656.1237010037,
                4318120.124254971
              ],
              [
                -595651.6709213721,
                4318157.335953854
              ],
              [
                -595639.4257773848,
                4318193.169562645
              ],
              [
                -595640.5389722927,
                4318211.086411552
              ],
              [
                -595644.9917519244,
                4318233.137958635
              ],
              [
                -595643.8785570165,
                4318267.593590939
              ],
              [
                -595639.4257773848,
                4318278.619416456
              ],
              [
                -595617.1618792261,
                4318297.914638149
              ],
              [
                -595611.5959046864,
                4318319.966362225
              ],
              [
                -595602.690345423,
                4318344.774605544
              ],
              [
                -595584.8792268961,
                4318379.230593425
              ],
              [
                -595568.181303277,
                4318399.904238831
              ],
              [
                -595547.0306000264,
                4318428.847408777
              ],
              [
                -595544.8042102105,
                4318439.873398651
              ],
              [
                -595538.1250407628,
                4318493.625260222
              ],
              [
                -595532.5590662232,
                4318514.299124253
              ],
              [
                -595532.5590662232,
                4318514.299124253
              ]
            ]
          ]
        ]
      }
    },
    {
      "type": "Feature",
      "properties": {
        "id": "001",
        "name": "EA 1",
        "status": "Enumeration Area",
        "area_km2": 0.149,
        "population_2001": 429,
        "population_2012": 526,
        "population_2022": 497,
        "density_2022": 3335.57,
        "longitude": -5.339174,
        "latitude": 36.141362
      },
      "geometry": {
        "type": "MultiPolygon",
        "coordinates": [
          [
            [
              [
                -594526.2308694521,
                4317883.07495579
              ],
              [
                -594568.5322759534,
                4317883.07495579
              ],
              [
                -594558.513521782,
                4317916.151290374
              ],
              [
                -594554.0607421504,
                4317920.285839306
              ],
              [
                -594526.2308694521,
                4317924.42038982
              ],
              [
                -594510.646140741,
                4317929.933126295
              ],
              [
                -594499.5141916616,
                4317936.82405084
              ],
              [
                -594490.6086323982,
                4317946.471352576
              ],
              [
                -594485.0426578585,
                4317960.253227123
              ],
              [
                -594478.363488411,
                4317990.57341293
              ],
              [
                -594477.2502935029,
                4318030.54106042
              ],
              [
                -594481.7030731348,
                4318052.592239483
              ],
              [
                -594489.4954374903,
                4318070.508855568
              ],
              [
                -594495.0614120299,
                4318080.1562765185
              ],
              [
                -594548.4947676107,
                4318103.585763219
              ],
              [
                -594578.5510301249,
                4318132.528140377
              ],
              [
                -594586.3433944804,
                4318149.066676374
              ],
              [
                -594626.4184111659,
                4318248.298423328
              ],
              [
                -594628.6448009819,
                4318262.080682396
              ],
              [
                -594625.305216258,
                4318313.075193622
              ],
              [
                -594616.3996569945,
                4318365.448185101
              ],
              [
                -594626.4184111659,
                4318402.66072787
              ],
              [
                -594652.0218940484,
                4318448.14289843
              ],
              [
                -594677.6253769309,
                4318481.220960767
              ],
              [
                -594685.4177412865,
                4318493.625260222
              ],
              [
                -594687.6441311022,
                4318507.407831851
              ],
              [
                -594688.7573260101,
                4318533.59476633
              ],
              [
                -594680.9649616546,
                4318599.751514755
              ],
              [
                -594664.2670380358,
                4318667.286946113
              ],
              [
                -594616.3996569945,
                4318827.168423455
              ],
              [
                -594596.3621486519,
                4318867.1391620375
              ],
              [
                -594577.4378352169,
                4318902.975122204
              ],
              [
                -594554.0607421504,
                4318976.025716378
              ],
              [
                -594552.9475472424,
                4318989.80890268
              ],
              [
                -594571.8718606773,
                4319057.346769437
              ],
              [
                -594569.6454708613,
                4319078.0217109155
              ],
              [
                -594557.4003268741,
                4319127.641731699
              ],
              [
                -594542.928793071,
                4319164.856896674
              ],
              [
                -594540.7024032552,
                4319181.3970110975
              ],
              [
                -594544.041987979,
                4319200.693843225
              ],
              [
                -594551.8343523345,
                4319224.125757094
              ],
              [
                -594555.1739370583,
                4319254.449485688
              ],
              [
                -594552.9475472424,
                4319282.016585456
              ],
              [
                -594548.4947676107,
                4319319.232281596
              ],
              [
                -594564.0794963216,
                4319379.88035709
              ],
              [
                -594568.5322759534,
                4319401.934287043
              ],
              [
                -594559.62671669,
                4319476.366632627
              ],
              [
                -594559.62671669,
                4319480.501777959
              ],
              [
                -594564.0794963216,
                4319481.880160087
              ],
              [
                -594560.7399115979,
                4319505.312683137
              ],
              [
                -594562.9663014138,
                4319516.339770376
              ],
              [
                -594576.324640309,
                4319537.01558925
              ],
              [
                -594605.2677079153,
                4319576.988951151
              ],
              [
                -594646.4559195088,
                4319639.016874183
              ],
              [
                -594679.8517667468,
                4319706.5587949585
              ],
              [
                -594679.8517667468,
                4319727.234977481
              ],
              [
                -594678.7385718388,
                4319765.830623951
              ],
              [
                -594663.1538431278,
                4319805.804831568
              ],
              [
                -594577.4378352169,
                4319917.457711402
              ],
              [
                -594548.4947676107,
                4319958.810922387
              ],
              [
                -594490.6086323982,
                4320031.868648239
              ],
              [
                -594468.3447342396,
                4320062.194641659
              ],
              [
                -594446.0808360808,
                4320106.305329352
              ],
              [
                -594436.0620819094,
                4320162.8224109
              ],
              [
                -594432.7224971857,
                4320197.284190952
              ],
              [
                -594438.2884717253,
                4320348.917327853
              ],
              [
                -594436.0620819094,
                4320347.5388352135
              ],
              [
                -594220.1022697706,
                4320336.510900425
              ],
              [
                -594220.1022697706,
                4320319.969019327
              ],
              [
                -594223.4418544943,
                4320310.319600373
              ],
              [
                -594227.8946341261,
                4320271.722010655
              ],
              [
                -594232.3474137577,
                4320255.180228665
              ],
              [
                -594231.2342188498,
                4320244.1523880595
              ],
              [
                -594233.4606086657,
                4320228.989125591
              ],
              [
                -594241.2529730212,
                4320191.770298763
              ],
              [
                -594241.2529730212,
                4320180.742522822
              ],
              [
                -594245.705752653,
                4320161.443941983
              ],
              [
                -594245.705752653,
                4320140.766929301
              ],
              [
                -594249.0453373768,
                4320129.739205368
              ],
              [
                -594249.0453373768,
                4320117.3330293875
              ],
              [
                -594253.4981170085,
                4320104.926867638
              ],
              [
                -594252.3849221006,
                4320091.142260163
              ],
              [
                -594255.7245068244,
                4320078.736128459
              ],
              [
                -594256.8377017323,
                4320060.816185568
              ],
              [
                -594259.0640915482,
                4320055.302362961
              ],
              [
                -594257.9508966403,
                4320048.410088654
              ],
              [
                -594261.290481364,
                4320034.625553218
              ],
              [
                -594262.403676272,
                4320007.056535058
              ],
              [
                -594270.1960406275,
                4319973.973806035
              ],
              [
                -594267.9696508116,
                4319965.70313959
              ],
              [
                -594271.3092355354,
                4319938.134297128
              ],
              [
                -594283.5543795227,
                4319903.673342879
              ],
              [
                -594293.5731336941,
                4319891.26742623
              ],
              [
                -594320.2898114845,
                4319884.375256464
              ],
              [
                -594365.9308027097,
                4319894.024295367
              ],
              [
                -594374.8363619732,
                4319891.26742623
              ],
              [
                -594395.987065224,
                4319898.159600389
              ],
              [
                -594409.3454041191,
                4319898.159600389
              ],
              [
                -594417.1377684746,
                4319902.294906993
              ],
              [
                -594436.0620819094,
                4319888.510557797
              ],
              [
                -594434.9488870015,
                4319885.753690066
              ],
              [
                -594437.1752768174,
                4319884.375256464
              ],
              [
                -594440.5148615412,
                4319880.239956712
              ],
              [
                -594440.5148615412,
                4319866.455635627
              ],
              [
                -594444.9676411729,
                4319860.941912112
              ],
              [
                -594448.3072258967,
                4319863.698773517
              ],
              [
                -594446.0808360808,
                4319866.455635627
              ],
              [
                -594451.6468106206,
                4319869.212498439
              ],
              [
                -594449.4204208046,
                4319870.590930107
              ],
              [
                -594451.6468106206,
                4319874.72622617
              ],
              [
                -594452.7600055285,
                4319884.375256464
              ],
              [
                -594488.3822425823,
                4319882.996823037
              ],
              [
                -594498.4009967536,
                4319878.861523814
              ],
              [
                -594529.5704541758,
                4319843.0223301025
              ],
              [
                -594534.0232338076,
                4319833.373336702
              ],
              [
                -594538.4760134394,
                4319819.589075352
              ],
              [
                -594538.4760134394,
                4319812.6969512645
              ],
              [
                -594545.1551828869,
                4319793.399027186
              ],
              [
                -594554.0607421504,
                4319735.505461559
              ],
              [
                -594559.62671669,
                4319728.613391055
              ],
              [
                -594564.0794963216,
                4319702.423563197
              ],
              [
                -594569.6454708613,
                4319685.882651963
              ],
              [
                -594568.5322759534,
                4319676.233798761
              ],
              [
                -594572.9850555852,
                4319663.828143006
              ],
              [
                -594571.8718606773,
                4319652.800905392
              ],
              [
                -594567.4190810455,
                4319634.881668248
              ],
              [
                -594561.8531065058,
                4319625.232860546
              ],
              [
                -594552.9475472424,
                4319618.340860313
              ],
              [
                -594539.5892083473,
                4319614.205662282
              ],
              [
                -594537.3628185313,
                4319633.50326662
              ],
              [
                -594527.3440643599,
                4319641.773679021
              ],
              [
                -594520.6648949124,
                4319640.395276515
              ],
              [
                -594520.6648949124,
                4319636.260070051
              ],
              [
                -594522.8912847283,
                4319627.989661869
              ],
              [
                -594530.6836490838,
                4319618.340860313
              ],
              [
                -594527.3440643599,
                4319612.82726329
              ],
              [
                -594529.5704541758,
                4319610.070465833
              ],
              [
                -594529.5704541758,
                4319603.1784752635
              ],
              [
                -594522.8912847283,
                4319599.0432830285
              ],
              [
                -594527.3440643599,
                4319593.529695843
              ],
              [
                -594521.7780898203,
                4319589.394507299
              ],
              [
                -594519.5517000045,
                4319586.637715815
              ],
              [
                -594513.9857254648,
                4319585.259320336
              ],
              [
                -594508.419750925,
                4319581.124134953
              ],
              [
                -594507.3065560171,
                4319576.988951151
              ],
              [
                -594510.646140741,
                4319572.853768933
              ],
              [
                -594510.646140741,
                4319568.718588293
              ],
              [
                -594503.9669712933,
                4319572.853768933
              ],
              [
                -594496.1746069378,
                4319570.096981663
              ],
              [
                -594490.6086323982,
                4319561.826624074
              ],
              [
                -594488.3822425823,
                4319556.313055861
              ],
              [
                -594490.6086323982,
                4319549.421099546
              ],
              [
                -594498.4009967536,
                4319543.907537659
              ],
              [
                -594500.6273865695,
                4319534.258811116
              ],
              [
                -594505.0801662013,
                4319534.258811116
              ],
              [
                -594506.1933611092,
                4319531.502033685
              ],
              [
                -594498.4009967536,
                4319514.961383857
              ],
              [
                -594499.5141916616,
                4319505.312683137
              ],
              [
                -594495.0614120299,
                4319505.312683137
              ],
              [
                -594493.9482171219,
                4319502.555913085
              ],
              [
                -594496.1746069378,
                4319498.420759324
              ],
              [
                -594495.0614120299,
                4319490.150456542
              ],
              [
                -594498.4009967536,
                4319487.393690354
              ],
              [
                -594499.5141916616,
                4319480.501777959
              ],
              [
                -594495.0614120299,
                4319477.745014231
              ],
              [
                -594493.9482171219,
                4319472.23148888
              ],
              [
                -594495.0614120299,
                4319457.069308661
              ],
              [
                -594503.9669712933,
                4319451.555793852
              ],
              [
                -594506.1933611092,
                4319440.528772664
              ],
              [
                -594502.8537763854,
                4319435.015266286
              ],
              [
                -594505.0801662013,
                4319430.880138348
              ],
              [
                -594512.8725305569,
                4319430.880138348
              ],
              [
                -594522.8912847283,
                4319433.636890131
              ],
              [
                -594522.8912847283,
                4319428.123387266
              ],
              [
                -594513.9857254648,
                4319425.366636887
              ],
              [
                -594516.2121152807,
                4319419.853138239
              ],
              [
                -594513.9857254648,
                4319412.961268883
              ],
              [
                -594519.5517000045,
                4319411.582895536
              ],
              [
                -594522.8912847283,
                4319401.934287043
              ],
              [
                -594526.2308694521,
                4319403.312659157
              ],
              [
                -594526.2308694521,
                4319401.934287043
              ],
              [
                -594524.0044796362,
                4319393.664058041
              ],
              [
                -594524.0044796362,
                4319374.36688163
              ],
              [
                -594520.6648949124,
                4319361.961572118
              ],
              [
                -594517.3253101886,
                4319363.339939139
              ],
              [
                -594516.2121152807,
                4319359.204838604
              ],
              [
                -594507.3065560171,
                4319357.826472108
              ],
              [
                -594502.8537763854,
                4319352.313007889
              ],
              [
                -594499.5141916616,
                4319352.313007889
              ],
              [
                -594492.835022214,
                4319359.204838604
              ],
              [
                -594488.3822425823,
                4319357.826472108
              ],
              [
                -594482.8162680427,
                4319352.313007889
              ],
              [
                -594485.0426578585,
                4319335.772632097
              ],
              [
                -594488.3822425823,
                4319333.015905256
              ],
              [
                -594499.5141916616,
                4319333.015905256
              ],
              [
                -594500.6273865695,
                4319321.989004923
              ],
              [
                -594502.8537763854,
                4319312.340476354
              ],
              [
                -594506.1933611092,
                4319310.962115834
              ],
              [
                -594511.7593356489,
                4319315.097197923
              ],
              [
                -594512.8725305569,
                4319313.718837051
              ],
              [
                -594515.0989203727,
                4319308.205395317
              ],
              [
                -594512.8725305569,
                4319297.178520277
              ],
              [
                -594519.5517000045,
                4319253.071132543
              ],
              [
                -594517.3253101886,
                4319243.422665452
              ],
              [
                -594517.3253101886,
                4319228.260805985
              ],
              [
                -594499.5141916616,
                4319219.99070978
              ],
              [
                -594498.4009967536,
                4319214.477315823
              ],
              [
                -594499.5141916616,
                4319204.828883161
              ],
              [
                -594495.0614120299,
                4319207.585577328
              ],
              [
                -594492.835022214,
                4319203.45053634
              ],
              [
                -594483.9294629507,
                4319208.963924676
              ],
              [
                -594479.4766833188,
                4319195.180459104
              ],
              [
                -594478.363488411,
                4319189.667077794
              ],
              [
                -594481.7030731348,
                4319182.775355107
              ],
              [
                -594477.2502935029,
                4319177.26198012
              ],
              [
                -594485.0426578585,
                4319175.883636812
              ],
              [
                -594487.2690476744,
                4319168.991922908
              ],
              [
                -594495.0614120299,
                4319164.856896674
              ],
              [
                -594496.1746069378,
                4319160.72187202
              ],
              [
                -594497.2878018458,
                4319152.451827455
              ],
              [
                -594493.9482171219,
                4319148.316807543
              ],
              [
                -594489.4954374903,
                4319138.668433899
              ],
              [
                -594491.7218273061,
                4319134.533419257
              ],
              [
                -594486.1558527665,
                4319129.020068859
              ],
              [
                -594488.3822425823,
                4319127.641731699
              ],
              [
                -594490.6086323982,
                4319119.3717124285
              ],
              [
                -594495.0614120299,
                4319115.236705163
              ],
              [
                -594507.3065560171,
                4319117.993376496
              ],
              [
                -594516.2121152807,
                4319113.858369757
              ],
              [
                -594515.0989203727,
                4319111.101699478
              ],
              [
                -594519.5517000045,
                4319109.723364603
              ],
              [
                -594520.6648949124,
                4319106.966695376
              ],
              [
                -594520.6648949124,
                4319100.075025383
              ],
              [
                -594516.2121152807,
                4319094.561692551
              ],
              [
                -594520.6648949124,
                4319089.048362527
              ],
              [
                -594501.7405814774,
                4319089.048362527
              ],
              [
                -594497.2878018458,
                4319080.778372765
              ],
              [
                -594498.4009967536,
                4319072.508389324
              ],
              [
                -594501.7405814774,
                4319072.508389324
              ],
              [
                -594502.8537763854,
                4319082.156703954
              ],
              [
                -594506.1933611092,
                4319086.291698571
              ],
              [
                -594508.419750925,
                4319084.913366856
              ],
              [
                -594507.3065560171,
                4319080.778372765
              ],
              [
                -594512.8725305569,
                4319076.643380254
              ],
              [
                -594509.532945833,
                4319082.156703954
              ],
              [
                -594510.646140741,
                4319084.913366856
              ],
              [
                -594512.8725305569,
                4319086.291698571
              ],
              [
                -594513.9857254648,
                4319082.156703954
              ],
              [
                -594519.5517000045,
                4319079.400041752
              ],
              [
                -594520.6648949124,
                4319072.508389324
              ],
              [
                -594525.1176745441,
                4319072.508389324
              ],
              [
                -594527.3440643599,
                4319068.373399974
              ],
              [
                -594526.2308694521,
                4319064.238412205
              ],
              [
                -594529.5704541758,
                4319062.860083301
              ],
              [
                -594530.6836490838,
                4319057.346769437
              ],
              [
                -594527.3440643599,
                4319053.211785884
              ],
              [
                -594530.6836490838,
                4319050.45513106
              ],
              [
                -594530.6836490838,
                4319040.806844709
              ],
              [
                -594521.7780898203,
                4319031.158566965
              ],
              [
                -594516.2121152807,
                4319031.158566965
              ],
              [
                -594515.0989203727,
                4319036.67186748
              ],
              [
                -594512.8725305569,
                4319036.67186748
              ],
              [
                -594505.0801662013,
                4319020.131974366
              ],
              [
                -594505.0801662013,
                4319013.2403597
              ],
              [
                -594496.1746069378,
                4319011.8620372955
              ],
              [
                -594492.835022214,
                4319007.727071129
              ],
              [
                -594496.1746069378,
                4318999.457143541
              ],
              [
                -594501.7405814774,
                4318999.457143541
              ],
              [
                -594502.8537763854,
                4318996.700502416
              ],
              [
                -594506.1933611092,
                4318981.538988791
              ],
              [
                -594520.6648949124,
                4318966.3774964195
              ],
              [
                -594519.5517000045,
                4318958.107600445
              ],
              [
                -594525.1176745441,
                4318952.594339976
              ],
              [
                -594519.5517000045,
                4318945.70276834
              ],
              [
                -594526.2308694521,
                4318942.946140916
              ],
              [
                -594526.2308694521,
                4318936.054575428
              ],
              [
                -594530.6836490838,
                4318933.2979504615
              ],
              [
                -594528.4572592679,
                4318926.4063911205
              ],
              [
                -594524.0044796362,
                4318923.649768614
              ],
              [
                -594522.8912847283,
                4318916.75821542
              ],
              [
                -594530.6836490838,
                4318912.623285612
              ],
              [
                -594535.1364287154,
                4318905.731739443
              ],
              [
                -594530.6836490838,
                4318900.218505669
              ],
              [
                -594535.1364287154,
                4318897.461889836
              ],
              [
                -594535.1364287154,
                4318890.570353327
              ],
              [
                -594531.7968439917,
                4318889.192046552
              ],
              [
                -594536.2496236234,
                4318879.543904045
              ],
              [
                -594528.4572592679,
                4318871.27407446
              ],
              [
                -594535.1364287154,
                4318860.247644848
              ],
              [
                -594537.3628185313,
                4318854.734434257
              ],
              [
                -594536.2496236234,
                4318838.194819347
              ],
              [
                -594531.7968439917,
                4318827.168423455
              ],
              [
                -594519.5517000045,
                4318817.520336272
              ],
              [
                -594443.854446265,
                4318784.441245543
              ],
              [
                -594407.1190143032,
                4318773.414904448
              ],
              [
                -594390.4210906842,
                4318763.76686521
              ],
              [
                -594384.8551161446,
                4318755.497124139
              ],
              [
                -594390.4210906842,
                4318749.983966937
              ],
              [
                -594403.7794295795,
                4318748.605678076
              ],
              [
                -594451.6468106206,
                4318770.658320929
              ],
              [
                -594521.7780898203,
                4318798.224187721
              ],
              [
                -594532.9100388996,
                4318802.359073797
              ],
              [
                -594542.928793071,
                4318798.224187721
              ],
              [
                -594549.6079625186,
                4318792.711008742
              ],
              [
                -594551.8343523345,
                4318785.819538971
              ],
              [
                -594569.6454708613,
                4318754.118834575
              ],
              [
                -594597.4753435598,
                4318672.800061165
              ],
              [
                -594598.5885384678,
                4318659.0172788035
              ],
              [
                -594606.3809028233,
                4318632.830040695
              ],
              [
                -594615.2864620866,
                4318612.15595013
              ],
              [
                -594614.1732671788,
                4318587.347093605
              ],
              [
                -594620.8524366263,
                4318544.620862969
              ],
              [
                -594620.8524366263,
                4318540.486075412
              ],
              [
                -594608.607292639,
                4318537.729551251
              ],
              [
                -594607.4940977311,
                4318534.973027795
              ],
              [
                -594613.0600722708,
                4318501.894801093
              ],
              [
                -594613.0600722708,
                4318478.464451709
              ],
              [
                -594608.607292639,
                4318466.060169641
              ],
              [
                -594551.8343523345,
                4318472.9514357
              ],
              [
                -594539.5892083473,
                4318477.086197444
              ],
              [
                -594512.8725305569,
                4318475.707943354
              ],
              [
                -594482.8162680427,
                4318482.59921556
              ],
              [
                -594451.6468106206,
                4318482.59921556
              ],
              [
                -594447.1940309888,
                4318479.84270615
              ],
              [
                -594447.1940309888,
                4318475.707943354
              ],
              [
                -594456.0995902523,
                4318468.816675539
              ],
              [
                -594470.5711240554,
                4318466.060169641
              ],
              [
                -594479.4766833188,
                4318467.438422501
              ],
              [
                -594493.9482171219,
                4318461.925412112
              ],
              [
                -594538.4760134394,
                4318456.412404533
              ],
              [
                -594548.4947676107,
                4318452.277650692
              ],
              [
                -594565.1926912296,
                4318452.277650692
              ],
              [
                -594572.9850555852,
                4318450.899399761
              ],
              [
                -594576.324640309,
                4318452.277650692
              ],
              [
                -594590.7961741122,
                4318452.277650692
              ],
              [
                -594610.8336824549,
                4318445.386397801
              ],
              [
                -594610.8336824549,
                4318442.629897875
              ],
              [
                -594607.4940977311,
                4318441.251648175
              ],
              [
                -594608.607292639,
                4318439.873398651
              ],
              [
                -594611.9468773629,
                4318444.008147751
              ],
              [
                -594617.5128519025,
                4318442.629897875
              ],
              [
                -594615.2864620866,
                4318439.873398651
              ],
              [
                -594616.3996569945,
                4318437.116900128
              ],
              [
                -594611.9468773629,
                4318439.873398651
              ],
              [
                -594610.8336824549,
                4318437.116900128
              ],
              [
                -594609.720487547,
                4318434.36040231
              ],
              [
                -594611.9468773629,
                4318430.225656897
              ],
              [
                -594610.8336824549,
                4318427.469160834
              ],
              [
                -594598.5885384678,
                4318430.225656897
              ],
              [
                -594585.2301995724,
                4318415.064937241
              ],
              [
                -594586.3433944804,
                4318410.930199203
              ],
              [
                -594593.0225639279,
                4318410.930199203
              ],
              [
                -594598.5885384678,
                4318404.038972654
              ],
              [
                -594597.4753435598,
                4318393.013019305
              ],
              [
                -594591.9093690201,
                4318393.013019305
              ],
              [
                -594586.3433944804,
                4318388.878289697
              ],
              [
                -594586.3433944804,
                4318384.743561669
              ],
              [
                -594593.0225639279,
                4318380.608835222
              ],
              [
                -594596.3621486519,
                4318375.095869084
              ],
              [
                -594591.9093690201,
                4318373.717627988
              ],
              [
                -594593.0225639279,
                4318370.961146324
              ],
              [
                -594588.5697842963,
                4318366.826425144
              ],
              [
                -594590.7961741122,
                4318364.069945235
              ],
              [
                -594587.4565893883,
                4318362.691705545
              ],
              [
                -594587.4565893883,
                4318358.556987526
              ],
              [
                -594594.1357588359,
                4318355.800509725
              ],
              [
                -594591.9093690201,
                4318353.044032626
              ],
              [
                -594597.4753435598,
                4318348.909318293
              ],
              [
                -594595.2489537438,
                4318343.396368312
              ],
              [
                -594589.6829792042,
                4318344.774605544
              ],
              [
                -594587.4565893883,
                4318342.018131254
              ],
              [
                -594596.3621486519,
                4318339.261657667
              ],
              [
                -594597.4753435598,
                4318332.370476774
              ],
              [
                -594593.0225639279,
                4318329.614005644
              ],
              [
                -594593.0225639279,
                4318328.235770344
              ],
              [
                -594604.1545130074,
                4318324.101065494
              ],
              [
                -594601.9281231915,
                4318321.344596473
              ],
              [
                -594605.2677079153,
                4318303.427564953
              ],
              [
                -594603.0413180994,
                4318297.914638149
              ],
              [
                -594593.0225639279,
                4318295.158175799
              ],
              [
                -594596.3621486519,
                4318289.6452532085
              ],
              [
                -594601.9281231915,
                4318288.267022999
              ],
              [
                -594603.0413180994,
                4318284.132333427
              ],
              [
                -594598.5885384678,
                4318281.375874589
              ],
              [
                -594597.4753435598,
                4318277.24118765
              ],
              [
                -594591.9093690201,
                4318275.862959023
              ],
              [
                -594591.9093690201,
                4318273.106502293
              ],
              [
                -594595.2489537438,
                4318270.350046265
              ],
              [
                -594591.9093690201,
                4318266.21536354
              ],
              [
                -594597.4753435598,
                4318264.837136316
              ],
              [
                -594593.0225639279,
                4318263.458909268
              ],
              [
                -594595.2489537438,
                4318257.946002832
              ],
              [
                -594591.9093690201,
                4318256.567776661
              ],
              [
                -594590.7961741122,
                4318251.054873737
              ],
              [
                -594587.4565893883,
                4318253.811324847
              ],
              [
                -594585.2301995724,
                4318252.433099205
              ],
              [
                -594590.7961741122,
                4318249.676648445
              ],
              [
                -594586.3433944804,
                4318242.785524618
              ],
              [
                -594587.4565893883,
                4318222.112179474
              ],
              [
                -594585.2301995724,
                4318217.977515187
              ],
              [
                -594588.5697842963,
                4318215.2210732065
              ],
              [
                -594580.7774199407,
                4318209.708191351
              ],
              [
                -594578.5510301249,
                4318205.573531805
              ],
              [
                -594576.324640309,
                4318205.573531805
              ],
              [
                -594576.324640309,
                4318209.708191351
              ],
              [
                -594571.8718606773,
                4318209.708191351
              ],
              [
                -594569.6454708613,
                4318208.329971327
              ],
              [
                -594568.5322759534,
                4318202.817092985
              ],
              [
                -594561.8531065058,
                4318205.573531805
              ],
              [
                -594554.0607421504,
                4318202.817092985
              ],
              [
                -594554.0607421504,
                4318198.682436071
              ],
              [
                -594551.8343523345,
                4318198.682436071
              ],
              [
                -594550.7211574265,
                4318195.925999007
              ],
              [
                -594552.9475472424,
                4318193.169562645
              ],
              [
                -594551.8343523345,
                4318190.413126986
              ],
              [
                -594555.1739370583,
                4318186.278474813
              ],
              [
                -594550.7211574265,
                4318186.278474813
              ],
              [
                -594542.928793071,
                4318182.143824222
              ],
              [
                -594551.8343523345,
                4318184.900257775
              ],
              [
                -594555.1739370583,
                4318182.143824222
              ],
              [
                -594556.2871319661,
                4318179.387391371
              ],
              [
                -594551.8343523345,
                4318172.496312319
              ],
              [
                -594541.8155981632,
                4318168.361666994
              ],
              [
                -594541.8155981632,
                4318166.983452237
              ],
              [
                -594545.1551828869,
                4318164.227023249
              ],
              [
                -594538.4760134394,
                4318168.361666994
              ],
              [
                -594535.1364287154,
                4318162.84880902
              ],
              [
                -594531.7968439917,
                4318165.605237656
              ],
              [
                -594534.0232338076,
                4318160.092381086
              ],
              [
                -594530.6836490838,
                4318158.7141673835
              ],
              [
                -594530.6836490838,
                4318150.444888848
              ],
              [
                -594528.4572592679,
                4318160.092381086
              ],
              [
                -594525.1176745441,
                4318161.470594965
              ],
              [
                -594526.2308694521,
                4318166.983452237
              ],
              [
                -594520.6648949124,
                4318172.496312319
              ],
              [
                -594521.7780898203,
                4318178.00917521
              ],
              [
                -594513.9857254648,
                4318180.765607708
              ],
              [
                -594508.419750925,
                4318179.387391371
              ],
              [
                -594507.3065560171,
                4318175.252743414
              ],
              [
                -594506.1933611092,
                4318175.252743414
              ],
              [
                -594506.1933611092,
                4318168.361666994
              ],
              [
                -594511.7593356489,
                4318166.983452237
              ],
              [
                -594510.646140741,
                4318158.7141673835
              ],
              [
                -594515.0989203727,
                4318160.092381086
              ],
              [
                -594513.9857254648,
                4318166.983452237
              ],
              [
                -594518.4385050965,
                4318162.84880902
              ],
              [
                -594516.2121152807,
                4318160.092381086
              ],
              [
                -594517.3253101886,
                4318157.335953854
              ],
              [
                -594519.5517000045,
                4318155.957740502
              ],
              [
                -594526.2308694521,
                4318158.7141673835
              ],
              [
                -594528.4572592679,
                4318154.579527325
              ],
              [
                -594527.3440643599,
                4318149.066676374
              ],
              [
                -594529.5704541758,
                4318144.932040004
              ],
              [
                -594526.2308694521,
                4318144.932040004
              ],
              [
                -594525.1176745441,
                4318142.175616636
              ],
              [
                -594527.3440643599,
                4318142.175616636
              ],
              [
                -594527.3440643599,
                4318139.419193969
              ],
              [
                -594513.9857254648,
                4318142.175616636
              ],
              [
                -594511.7593356489,
                4318140.797405215
              ],
              [
                -594512.8725305569,
                4318132.528140377
              ],
              [
                -594522.8912847283,
                4318125.637091174
              ],
              [
                -594510.646140741,
                4318127.015300662
              ],
              [
                -594513.9857254648,
                4318122.880672722
              ],
              [
                -594517.3253101886,
                4318125.637091174
              ],
              [
                -594519.5517000045,
                4318118.746046359
              ],
              [
                -594524.0044796362,
                4318118.746046359
              ],
              [
                -594516.2121152807,
                4318111.855005935
              ],
              [
                -594510.646140741,
                4318110.476798377
              ],
              [
                -594502.8537763854,
                4318099.451144232
              ],
              [
                -594491.7218273061,
                4318098.072938255
              ],
              [
                -594485.0426578585,
                4318093.938321374
              ],
              [
                -594473.9107087792,
                4318093.938321374
              ],
              [
                -594469.4579291474,
                4318087.047296752
              ],
              [
                -594463.8919546078,
                4318085.669092354
              ],
              [
                -594462.7787596999,
                4318080.1562765185
              ],
              [
                -594457.2127851602,
                4318078.778072999
              ],
              [
                -594457.2127851602,
                4318073.265260676
              ],
              [
                -594462.7787596999,
                4318064.996047458
              ],
              [
                -594452.7600055285,
                4318036.053850972
              ],
              [
                -594459.4391749761,
                4318027.784666196
              ],
              [
                -594460.5523698841,
                4318022.271879859
              ],
              [
                -594449.4204208046,
                4318005.7335377
              ],
              [
                -594440.5148615412,
                4317996.086183116
              ],
              [
                -594446.0808360808,
                4317986.438837135
              ],
              [
                -594444.9676411729,
                4317978.169690285
              ],
              [
                -594458.3259800682,
                4317968.522360281
              ],
              [
                -594466.1183444237,
                4317960.253227123
              ],
              [
                -594466.1183444237,
                4317950.605913098
              ],
              [
                -594471.6843189633,
                4317943.714979775
              ],
              [
                -594473.9107087792,
                4317931.311310854
              ],
              [
                -594476.1370985952,
                4317927.176757706
              ],
              [
                -594475.0239036871,
                4317916.151290374
              ],
              [
                -594490.6086323982,
                4317906.504015673
              ],
              [
                -594503.9669712933,
                4317903.747653055
              ],
              [
                -594509.532945833,
                4317895.478569408
              ],
              [
                -594526.2308694521,
                4317883.07495579
              ],
              [
                -594526.2308694521,
                4317883.07495579
              ]
            ]
          ]
        ]
      }
    },
    {
      "type": "Feature",
      "properties": {
        "id": "004",
        "name": "EA 4",
        "status": "Enumeration Area",
        "area_km2": 0.028,
        "population_2001": 473,
        "population_2012": 427,
        "population_2022": 618,
        "density_2022": 22071.43,
        "longitude": -5.351236,
        "latitude": 36.148098
      },
      "geometry": {
        "type": "MultiPolygon",
        "coordinates": [
          [
            [
              [
                -595511.4083629726,
                4320996.828319568
              ],
              [
                -595515.8611426043,
                4320987.178296593
              ],
              [
                -595539.2382356708,
                4320932.035473382
              ],
              [
                -595592.6715912516,
                4320912.735551695
              ],
              [
                -595618.275074134,
                4320978.906855185
              ],
              [
                -595766.3299968891,
                4320927.899772977
              ],
              [
                -595739.6133190986,
                4320849.321765838
              ],
              [
                -595740.7265140066,
                4320843.8075411655
              ],
              [
                -595744.0660987304,
                4320838.2933193045
              ],
              [
                -595750.745268178,
                4320836.914764279
              ],
              [
                -595820.8765473778,
                4320879.650051806
              ],
              [
                -595846.4800302603,
                4320897.571351679
              ],
              [
                -595836.4612760888,
                4320940.3068789365
              ],
              [
                -595835.348081181,
                4320947.19972173
              ],
              [
                -595829.7821066412,
                4320959.606849836
              ],
              [
                -595799.725844127,
                4321007.8569278
              ],
              [
                -595774.1223612446,
                4321043.699982236
              ],
              [
                -595766.3299968891,
                4321054.728638274
              ],
              [
                -595673.9348195306,
                4321098.84337492
              ],
              [
                -595495.8236342614,
                4321029.914178006
              ],
              [
                -595504.7291935249,
                4321011.992658785
              ],
              [
                -595511.4083629726,
                4320996.828319568
              ],
              [
                -595511.4083629726,
                4320996.828319568
              ]
            ]
          ]
        ]
      }
    },
    {
      "type": "Feature",
      "properties": {
        "id": "046",
        "name": "EA 46",
        "status": "Enumeration Area",
        "area_km2": 0.098,
        "population_2001": 639,
        "population_2012": 610,
        "population_2022": 668,
        "density_2022": 6816.33,
        "longitude": -5.350911,
        "latitude": 36.129957
      },
      "geometry": {
        "type": "MultiPolygon",
        "coordinates": [
          [
            [
              [
                -595660.5764806354,
                4318102.207556714
              ],
              [
                -595677.2744042545,
                4318200.060654867
              ],
              [
                -595683.953573702,
                4318205.573531805
              ],
              [
                -595712.8966413083,
                4318202.817092985
              ],
              [
                -595718.4626158479,
                4318205.573531805
              ],
              [
                -595719.575810756,
                4318209.708191351
              ],
              [
                -595721.8022005719,
                4318217.977515187
              ],
              [
                -595724.0285903875,
                4318257.946002832
              ],
              [
                -595717.34942094,
                4318279.997645434
              ],
              [
                -595717.34942094,
                4318295.158175799
              ],
              [
                -595721.8022005719,
                4318311.696960428
              ],
              [
                -595727.3681751115,
                4318322.722830895
              ],
              [
                -595742.9529038225,
                4318332.370476774
              ],
              [
                -595771.8959714288,
                4318342.018131254
              ],
              [
                -595783.0279205081,
                4318350.287556229
              ],
              [
                -595785.254310324,
                4318362.691705545
              ],
              [
                -595806.4050135746,
                4318452.277650692
              ],
              [
                -595809.7445982985,
                4318466.060169641
              ],
              [
                -595787.4807001399,
                4318528.081722223
              ],
              [
                -595777.4619459684,
                4318550.133915504
              ],
              [
                -595762.9904121653,
                4318592.860167917
              ],
              [
                -595752.971657994,
                4318614.912493255
              ],
              [
                -595751.858463086,
                4318623.182126846
              ],
              [
                -595760.7640223495,
                4318668.665224614
              ],
              [
                -595764.1036070732,
                4318683.826299701
              ],
              [
                -595768.556386705,
                4318711.391945209
              ],
              [
                -595787.4807001399,
                4318807.872257694
              ],
              [
                -595777.4619459684,
                4318817.520336272
              ],
              [
                -595775.2355561525,
                4318835.438219321
              ],
              [
                -595776.3487510605,
                4318861.6259479355
              ],
              [
                -595779.6883357844,
                4318879.543904045
              ],
              [
                -595785.254310324,
                4318890.570353327
              ],
              [
                -595805.2918186667,
                4318915.379905308
              ],
              [
                -595813.0841830223,
                4318937.432888174
              ],
              [
                -595825.3293270095,
                4318952.594339976
              ],
              [
                -595844.2536404445,
                4319042.185170804
              ],
              [
                -595748.5188783621,
                4319073.886719458
              ],
              [
                -595735.160539467,
                4319065.616741286
              ],
              [
                -595715.1230311242,
                4319033.91521687
              ],
              [
                -595672.8216246228,
                4318927.784702637
              ],
              [
                -595637.1993875689,
                4318818.898633913
              ],
              [
                -595623.8410486736,
                4318791.3327144375
              ],
              [
                -595610.4827097785,
                4318767.901738116
              ],
              [
                -595583.7660319882,
                4318732.066225441
              ],
              [
                -595567.0681083691,
                4318704.500527247
              ],
              [
                -595554.8229643819,
                4318682.448019268
              ],
              [
                -595544.8042102105,
                4318654.882447519
              ],
              [
                -595539.2382356708,
                4318634.208314804
              ],
              [
                -595528.1062865914,
                4318550.133915504
              ],
              [
                -595529.2194814994,
                4318532.2165050395
              ],
              [
                -595538.1250407628,
                4318493.625260222
              ],
              [
                -595544.8042102105,
                4318439.873398651
              ],
              [
                -595547.0306000264,
                4318428.847408777
              ],
              [
                -595568.181303277,
                4318399.904238831
              ],
              [
                -595584.8792268961,
                4318379.230593425
              ],
              [
                -595591.5583963437,
                4318366.826425144
              ],
              [
                -595602.690345423,
                4318344.774605544
              ],
              [
                -595611.5959046864,
                4318319.966362225
              ],
              [
                -595617.1618792261,
                4318297.914638149
              ],
              [
                -595639.4257773848,
                4318278.619416456
              ],
              [
                -595643.8785570165,
                4318267.593590939
              ],
              [
                -595644.9917519244,
                4318233.137958635
              ],
              [
                -595640.5389722927,
                4318211.086411552
              ],
              [
                -595639.4257773848,
                4318193.169562645
              ],
              [
                -595651.6709213721,
                4318157.335953854
              ],
              [
                -595656.1237010037,
                4318120.124254971
              ],
              [
                -595660.5764806354,
                4318102.207556714
              ],
              [
                -595660.5764806354,
                4318102.207556714
              ]
            ]
          ]
        ]
      }
    },
    {
      "type": "Feature",
      "properties": {
        "id": "054",
        "name": "EA 54",
        "status": "Enumeration Area",
        "area_km2": 0.02,
        "population_2001": 190,
        "population_2012": 493,
        "population_2022": 724,
        "density_2022": 36200.0,
        "longitude": -5.352433,
        "latitude": 36.125358
      },
      "geometry": {
        "type": "MultiPolygon",
        "coordinates": [
          [
            [
              [
                -595734.047344559,
                4317881.696777377
              ],
              [
                -595721.8022005719,
                4317877.562243192
              ],
              [
                -595718.4626158479,
                4317873.427710587
              ],
              [
                -595718.4626158479,
                4317866.536826423
              ],
              [
                -595726.2549802035,
                4317845.864200263
              ],
              [
                -595729.5945649274,
                4317832.082471438
              ],
              [
                -595731.8209547431,
                4317825.191613607
              ],
              [
                -595738.5001241908,
                4317818.300760166
              ],
              [
                -595814.1973779302,
                4317811.409911115
              ],
              [
                -595847.5932251683,
                4317810.03174183
              ],
              [
                -595867.630733511,
                4317801.762729816
              ],
              [
                -595893.2342163934,
                4317776.955731691
              ],
              [
                -595919.950894184,
                4317728.720064835
              ],
              [
                -595932.1960381711,
                4317724.585589112
              ],
              [
                -595963.3654955932,
                4317724.585589112
              ],
              [
                -595962.2523006853,
                4317756.283276704
              ],
              [
                -595966.705080317,
                4317782.468393025
              ],
              [
                -595973.3842497646,
                4317799.006393882
              ],
              [
                -595978.9502243042,
                4317811.409911115
              ],
              [
                -595971.1578599487,
                4317805.897235032
              ],
              [
                -595963.3654955932,
                4317804.519066451
              ],
              [
                -595956.6863261457,
                4317808.653572721
              ],
              [
                -595950.0071566979,
                4317823.813442569
              ],
              [
                -595942.2147923424,
                4317849.998722336
              ],
              [
                -595929.9696483552,
                4317867.915002904
              ],
              [
                -595906.5925552886,
                4317894.100389416
              ],
              [
                -595883.215462222,
                4317927.176757706
              ],
              [
                -595857.6119793396,
                4317954.740475198
              ],
              [
                -595825.3293270095,
                4317976.791499757
              ],
              [
                -595813.0841830223,
                4317979.547880987
              ],
              [
                -595801.9522339429,
                4317975.413309405
              ],
              [
                -595778.5751408763,
                4317938.202236276
              ],
              [
                -595761.8772172573,
                4317902.369472008
              ],
              [
                -595748.5188783621,
                4317887.209492084
              ],
              [
                -595740.7265140066,
                4317883.07495579
              ],
              [
                -595734.047344559,
                4317881.696777377
              ],
              [
                -595734.047344559,
                4317881.696777377
              ]
            ]
          ]
        ]
      }
    },
    {
      "type": "Feature",
      "properties": {
        "id": "058",
        "name": "EA 58",
        "status": "Enumeration Area",
        "area_km2": 0.057,
        "population_2001": 889,
        "population_2012": 819,
        "population_2022": 770,
        "density_2022": 13508.77,
        "longitude": -5.35093,
        "latitude": 36.124545
      },
      "geometry": {
        "type": "MultiPolygon",
        "coordinates": [
          [
            [
              [
                -595628.2938283054,
                4317947.849539242
              ],
              [
                -595621.6146588578,
                4317896.856749577
              ],
              [
                -595614.9354894103,
                4317870.671356394
              ],
              [
                -595594.8979810674,
                4317822.435271704
              ],
              [
                -595585.9924218041,
                4317778.33389676
              ],
              [
                -595583.7660319882,
                4317754.905114443
              ],
              [
                -595565.9549134612,
                4317677.728308
              ],
              [
                -595559.2757440136,
                4317670.837548482
              ],
              [
                -595535.8986509469,
                4317663.946793353
              ],
              [
                -595524.7667018677,
                4317655.677892991
              ],
              [
                -595515.8611426043,
                4317644.652702342
              ],
              [
                -595511.4083629726,
                4317621.224209513
              ],
              [
                -595510.2951680647,
                4317597.795767419
              ],
              [
                -595504.7291935249,
                4317577.12365476
              ],
              [
                -595482.4652953662,
                4317524.754479469
              ],
              [
                -595445.7298634045,
                4317483.410572766
              ],
              [
                -595429.0319397855,
                4317468.251179894
              ],
              [
                -595385.6173383761,
                4317403.479467788
              ],
              [
                -595335.5235675192,
                4317337.3300343705
              ],
              [
                -595323.2784235319,
                4317307.0116792135
              ],
              [
                -595315.4860591764,
                4317297.364947662
              ],
              [
                -595306.5804999128,
                4317290.47443039
              ],
              [
                -595312.1464744526,
                4317286.340122135
              ],
              [
                -595309.9200846367,
                4317275.315307841
              ],
              [
                -595290.9957712018,
                4317246.375223769
              ],
              [
                -595277.6374323067,
                4317221.569499032
              ],
              [
                -595268.7318730431,
                4317184.361018554
              ],
              [
                -595268.7318730431,
                4317173.336308173
              ],
              [
                -595272.0714577669,
                4317173.336308173
              ],
              [
                -595282.0902119383,
                4317180.226750845
              ],
              [
                -595316.5992540843,
                4317220.191404878
              ],
              [
                -595337.7499573351,
                4317233.972354291
              ],
              [
                -595425.6923550616,
                4317271.181005377
              ],
              [
                -595422.3527703378,
                4317276.693409014
              ],
              [
                -595441.2770837727,
                4317315.280313103
              ],
              [
                -595452.409032852,
                4317329.06138363
              ],
              [
                -595509.1819731566,
                4317375.917154715
              ],
              [
                -595580.4264472643,
                4317418.638769908
              ],
              [
                -595579.3132523564,
                4317422.773128717
              ],
              [
                -595583.7660319882,
                4317447.579314753
              ],
              [
                -595575.9736676327,
                4317502.704376235
              ],
              [
                -595579.3132523564,
                4317513.729422234
              ],
              [
                -595604.9167352389,
                4317557.829718582
              ],
              [
                -595624.9542435816,
                4317618.467919573
              ],
              [
                -595647.2181417403,
                4317655.677892991
              ],
              [
                -595661.6896755435,
                4317669.4593971055
              ],
              [
                -595678.3875991624,
                4317673.593851761
              ],
              [
                -595702.8778871369,
                4317674.972003666
              ],
              [
                -595719.575810756,
                4317681.862765817
              ],
              [
                -595719.575810756,
                4317688.753532357
              ],
              [
                -595725.1417852956,
                4317702.535078601
              ],
              [
                -595737.3869292829,
                4317730.098223761
              ],
              [
                -595742.9529038225,
                4317787.981057167
              ],
              [
                -595742.9529038225,
                4317810.03174183
              ],
              [
                -595745.1792936384,
                4317815.544420019
              ],
              [
                -595738.5001241908,
                4317818.300760166
              ],
              [
                -595731.8209547431,
                4317825.191613607
              ],
              [
                -595726.2549802035,
                4317845.864200263
              ],
              [
                -595718.4626158479,
                4317866.536826423
              ],
              [
                -595718.4626158479,
                4317872.049533403
              ],
              [
                -595698.4251075052,
                4317873.427710587
              ],
              [
                -595689.5195482416,
                4317876.184065483
              ],
              [
                -595685.06676861,
                4317880.318599141
              ],
              [
                -595672.8216246228,
                4317877.562243192
              ],
              [
                -595628.2938283054,
                4317947.849539242
              ],
              [
                -595628.2938283054,
                4317947.849539242
              ]
            ]
          ]
        ]
      }
    },
    {
      "type": "Feature",
      "properties": {
        "id": "057",
        "name": "EA 57",
        "status": "Enumeration Area",
        "area_km2": 0.037,
        "population_2001": 945,
        "population_2012": 824,
        "population_2022": 794,
        "density_2022": 21459.46,
        "longitude": -5.351198,
        "latitude": 36.1227
      },
      "geometry": {
        "type": "MultiPolygon",
        "coordinates": [
          [
            [
              [
                -595719.575810756,
                4317681.862765817
              ],
              [
                -595702.8778871369,
                4317674.972003666
              ],
              [
                -595678.3875991624,
                4317673.593851761
              ],
              [
                -595661.6896755435,
                4317669.4593971055
              ],
              [
                -595647.2181417403,
                4317655.677892991
              ],
              [
                -595624.9542435816,
                4317618.467919573
              ],
              [
                -595604.9167352389,
                4317557.829718582
              ],
              [
                -595579.3132523564,
                4317513.729422234
              ],
              [
                -595575.9736676327,
                4317502.704376235
              ],
              [
                -595583.7660319882,
                4317447.579314753
              ],
              [
                -595579.3132523564,
                4317422.773128717
              ],
              [
                -595580.4264472643,
                4317415.882531579
              ],
              [
                -595599.3507606992,
                4317404.857585285
              ],
              [
                -595634.9729977531,
                4317396.588882938
              ],
              [
                -595657.2368959117,
                4317382.807726401
              ],
              [
                -595661.6896755435,
                4317371.78281381
              ],
              [
                -595673.9348195306,
                4317362.136024508
              ],
              [
                -595682.8403787941,
                4317351.11113298
              ],
              [
                -595691.7459380575,
                4317348.354911855
              ],
              [
                -595728.4813700194,
                4317340.0862526875
              ],
              [
                -595744.0660987304,
                4317377.2952687
              ],
              [
                -595761.8772172573,
                4317414.504412678
              ],
              [
                -595773.0091663367,
                4317443.444946464
              ],
              [
                -595786.3675052319,
                4317468.251179894
              ],
              [
                -595790.8202848636,
                4317472.385557663
              ],
              [
                -595800.839039035,
                4317476.51993701
              ],
              [
                -595797.4994543112,
                4317479.276190787
              ],
              [
                -595793.0466746795,
                4317486.166828298
              ],
              [
                -595793.0466746795,
                4317497.191857446
              ],
              [
                -595848.7064200761,
                4317575.7455153195
              ],
              [
                -595854.2723946158,
                4317588.1487765955
              ],
              [
                -595854.2723946158,
                4317603.308337464
              ],
              [
                -595850.932809892,
                4317606.064623539
              ],
              [
                -595845.3668353524,
                4317608.820910318
              ],
              [
                -595784.1411154161,
                4317592.283200182
              ],
              [
                -595778.5751408763,
                4317595.039483448
              ],
              [
                -595768.556386705,
                4317630.8712298265
              ],
              [
                -595760.7640223495,
                4317644.652702342
              ],
              [
                -595719.575810756,
                4317681.862765817
              ],
              [
                -595719.575810756,
                4317681.862765817
              ]
            ]
          ]
        ]
      }
    },
    {
      "type": "Feature",
      "properties": {
        "id": "003",
        "name": "EA 3",
        "status": "Enumeration Area",
        "area_km2": 0.016,
        "population_2001": 843,
        "population_2012": 732,
        "population_2022": 827,
        "density_2022": 51687.5,
        "longitude": -5.35096,
        "latitude": 36.147112
      },
      "geometry": {
        "type": "MultiPolygon",
        "coordinates": [
          [
            [
              [
                -595539.2382356708,
                4320932.035473382
              ],
              [
                -595587.1056167119,
                4320843.8075411655
              ],
              [
                -595606.0299301468,
                4320824.507776955
              ],
              [
                -595639.4257773848,
                4320810.72225218
              ],
              [
                -595668.368844991,
                4320802.450945751
              ],
              [
                -595689.5195482416,
                4320799.693845014
              ],
              [
                -595708.4438616766,
                4320802.450945751
              ],
              [
                -595755.1980478097,
                4320831.400545931
              ],
              [
                -595750.745268178,
                4320836.914764279
              ],
              [
                -595744.0660987304,
                4320838.2933193045
              ],
              [
                -595740.7265140066,
                4320843.8075411655
              ],
              [
                -595739.6133190986,
                4320849.321765838
              ],
              [
                -595766.3299968891,
                4320927.899772977
              ],
              [
                -595618.275074134,
                4320978.906855185
              ],
              [
                -595592.6715912516,
                4320912.735551695
              ],
              [
                -595539.2382356708,
                4320932.035473382
              ],
              [
                -595539.2382356708,
                4320932.035473382
              ]
            ]
          ]
        ]
      }
    },
    {
      "type": "Feature",
      "properties": {
        "id": "012",
        "name": "EA 12",
        "status": "Enumeration Area",
        "area_km2": 0.048,
        "population_2001": 281,
        "population_2012": 711,
        "population_2022": 962,
        "density_2022": 20041.67,
        "longitude": -5.353353,
        "latitude": 36.146727
      },
      "geometry": {
        "type": "MultiPolygon",
        "coordinates": [
          [
            [
              [
                -595692.8591329656,
                4320719.738229443
              ],
              [
                -595701.764692229,
                4320716.981149796
              ],
              [
                -595728.4813700194,
                4320712.845531643
              ],
              [
                -595776.3487510605,
                4320715.602610236
              ],
              [
                -595786.3675052319,
                4320721.116769533
              ],
              [
                -595834.234886273,
                4320754.201784349
              ],
              [
                -595847.5932251683,
                4320761.094508511
              ],
              [
                -595863.1779538792,
                4320761.094508511
              ],
              [
                -595868.743928419,
                4320758.33741832
              ],
              [
                -595912.1585298283,
                4320701.817224301
              ],
              [
                -595937.7620127107,
                4320674.246505157
              ],
              [
                -595941.1015974346,
                4320672.867971045
              ],
              [
                -595973.3842497646,
                4320693.546001177
              ],
              [
                -595984.516198844,
                4320703.195762104
              ],
              [
                -596030.1571900691,
                4320733.523638225
              ],
              [
                -596042.4023340564,
                4320745.930521155
              ],
              [
                -596042.4023340564,
                4320754.201784349
              ],
              [
                -596023.4780206215,
                4320777.637064425
              ],
              [
                -596016.798851174,
                4320788.665449097
              ],
              [
                -596019.0252409898,
                4320807.965149334
              ],
              [
                -596036.8363595167,
                4320828.643437815
              ],
              [
                -596031.2703849771,
                4320838.2933193045
              ],
              [
                -596035.7231646088,
                4320842.428985436
              ],
              [
                -596040.1759442406,
                4320838.2933193045
              ],
              [
                -596044.6287238722,
                4320838.2933193045
              ],
              [
                -596114.7600030721,
                4320912.735551695
              ],
              [
                -596112.5336132562,
                4320915.4926812565
              ],
              [
                -596106.9676387166,
                4320909.978422837
              ],
              [
                -596099.175274361,
                4320918.24981152
              ],
              [
                -596091.3829100054,
                4320909.978422837
              ],
              [
                -596095.8356896372,
                4320905.8427308705
              ],
              [
                -596091.3829100054,
                4320900.328477373
              ],
              [
                -596085.8169354658,
                4320904.464167232
              ],
              [
                -596070.2322067547,
                4320887.921417288
              ],
              [
                -596078.0245711103,
                4320881.028612279
              ],
              [
                -596073.5717914784,
                4320875.514371439
              ],
              [
                -596065.7794271229,
                4320883.785733757
              ],
              [
                -596044.6287238722,
                4320861.728781634
              ],
              [
                -596053.5342831358,
                4320853.457436189
              ],
              [
                -596045.7419187803,
                4320845.186097069
              ],
              [
                -596040.1759442406,
                4320849.321765838
              ],
              [
                -596040.1759442406,
                4320856.214550634
              ],
              [
                -596037.9495544247,
                4320857.593108119
              ],
              [
                -596051.3078933199,
                4320904.464167232
              ],
              [
                -596056.8738678596,
                4320916.871246299
              ],
              [
                -596054.6474780437,
                4320918.24981152
              ],
              [
                -596046.8551136882,
                4320908.599858673
              ],
              [
                -596044.6287238722,
                4320911.356987179
              ],
              [
                -596017.9120460819,
                4320882.4071729295
              ],
              [
                -596016.798851174,
                4320886.542855934
              ],
              [
                -596017.9120460819,
                4320889.299978816
              ],
              [
                -596015.6856562659,
                4320890.678540521
              ],
              [
                -596029.0439951612,
                4320938.928310905
              ],
              [
                -596034.6099697009,
                4320949.95686008
              ],
              [
                -596032.383579885,
                4320951.3354295185
              ],
              [
                -596024.5912155295,
                4320943.064015528
              ],
              [
                -596022.3648257136,
                4320944.442584086
              ],
              [
                -595995.6481479232,
                4320915.4926812565
              ],
              [
                -595993.4217581074,
                4320919.628376914
              ],
              [
                -595995.6481479232,
                4320922.385508232
              ],
              [
                -595993.4217581074,
                4320923.764074156
              ],
              [
                -596006.7800970026,
                4320972.013992176
              ],
              [
                -596012.3460715422,
                4320983.042575099
              ],
              [
                -596010.1196817263,
                4320985.799722586
              ],
              [
                -596002.3273173708,
                4320976.149709454
              ],
              [
                -596000.1009275549,
                4320977.528282231
              ],
              [
                -595975.6106395805,
                4320951.3354295185
              ],
              [
                -595971.1578599487,
                4320954.092568921
              ],
              [
                -595965.5918854091,
                4320954.092568921
              ],
              [
                -595964.4786905011,
                4320949.95686008
              ],
              [
                -595965.5918854091,
                4320945.821152821
              ],
              [
                -595962.2523006853,
                4320941.685447143
              ],
              [
                -595950.0071566979,
                4320958.228279344
              ],
              [
                -595958.9127159615,
                4320963.742562368
              ],
              [
                -595968.9314701329,
                4320965.121133562
              ],
              [
                -596046.8551136882,
                4321040.942819984
              ],
              [
                -596053.5342831358,
                4321050.5928909425
              ],
              [
                -596056.8738678596,
                4321051.9714732105
              ],
              [
                -596053.5342831358,
                4321058.864387189
              ],
              [
                -596050.194698412,
                4321057.485804043
              ],
              [
                -596043.5155289645,
                4321060.242970512
              ],
              [
                -595919.950894184,
                4321028.535598551
              ],
              [
                -595918.8376992759,
                4321007.8569278
              ],
              [
                -595923.2904789076,
                4320981.664001617
              ],
              [
                -595922.1772839996,
                4320977.528282231
              ],
              [
                -595913.2717247362,
                4320974.771136852
              ],
              [
                -595905.4793603807,
                4320966.499704935
              ],
              [
                -595889.8946316696,
                4320962.363991347
              ],
              [
                -595894.3474113013,
                4320936.171175368
              ],
              [
                -595846.4800302603,
                4320897.571351679
              ],
              [
                -595820.8765473778,
                4320879.650051806
              ],
              [
                -595750.745268178,
                4320836.914764279
              ],
              [
                -595755.1980478097,
                4320831.400545931
              ],
              [
                -595708.4438616766,
                4320802.450945751
              ],
              [
                -595689.5195482416,
                4320799.693845014
              ],
              [
                -595668.368844991,
                4320802.450945751
              ],
              [
                -595639.4257773848,
                4320810.72225218
              ],
              [
                -595606.0299301468,
                4320824.507776955
              ],
              [
                -595626.0674384895,
                4320801.072395294
              ],
              [
                -595653.8973111879,
                4320763.851599406
              ],
              [
                -595655.0105060958,
                4320751.444695915
              ],
              [
                -595692.8591329656,
                4320719.738229443
              ],
              [
                -595692.8591329656,
                4320719.738229443
              ]
            ]
          ]
        ]
      }
    },
    {
      "type": "Feature",
      "properties": {
        "id": "063",
        "name": "EA 63",
        "status": "Enumeration Area",
        "area_km2": 2.196,
        "population_2001": 686,
        "population_2012": 634,
        "population_2022": 1030,
        "density_2022": 469.03,
        "longitude": -5.345689,
        "latitude": 36.13377
      },
      "geometry": {
        "type": "MultiPolygon",
        "coordinates": [
          [
            [
              [
                -595663.9160653593,
                4320519.851777003
              ],
              [
                -595685.06676861,
                4320552.936176031
              ],
              [
                -595685.06676861,
                4320555.693213851
              ],
              [
                -595631.6334130293,
                4320601.184439391
              ],
              [
                -595627.1806333974,
                4320601.184439391
              ],
              [
                -595581.5396421723,
                4320639.783205079
              ],
              [
                -595561.5021338294,
                4320653.568511928
              ],
              [
                -595528.1062865914,
                4320685.274784379
              ],
              [
                -595451.2958379441,
                4320748.687608182
              ],
              [
                -595460.2013972076,
                4320761.094508511
              ],
              [
                -595304.354110097,
                4320857.593108119
              ],
              [
                -595254.2603392401,
                4320897.571351679
              ],
              [
                -595229.7700512655,
                4320921.006942485
              ],
              [
                -595220.8644920021,
                4320908.599858673
              ],
              [
                -595181.9026702244,
                4320875.514371439
              ],
              [
                -595172.9971109609,
                4320879.650051806
              ],
              [
                -595161.8651618815,
                4320875.514371439
              ],
              [
                -595141.8276535389,
                4320861.728781634
              ],
              [
                -595132.9220942754,
                4320861.728781634
              ],
              [
                -595126.2429248278,
                4320874.135811666
              ],
              [
                -595097.2998572215,
                4320882.4071729295
              ],
              [
                -595077.2623488788,
                4320871.378692651
              ],
              [
                -595061.6776201677,
                4320867.243015446
              ],
              [
                -595053.8852558122,
                4320861.728781634
              ],
              [
                -595048.3192812725,
                4320845.186097069
              ],
              [
                -595049.4324761804,
                4320838.2933193045
              ],
              [
                -595048.3192812725,
                4320834.157654754
              ],
              [
                -595031.6213576534,
                4320814.8579077665
              ],
              [
                -595022.71579839,
                4320794.17964565
              ],
              [
                -595008.2442645868,
                4320791.422547021
              ],
              [
                -595010.4706544027,
                4320781.772707359
              ],
              [
                -595003.7914849552,
                4320773.501423075
              ],
              [
                -594993.7727307838,
                4320769.365783306
              ],
              [
                -594991.5463409679,
                4320759.715963326
              ],
              [
                -594987.0935613362,
                4320752.8232400445
              ],
              [
                -594948.1317395584,
                4320737.659264286
              ],
              [
                -594920.3018668602,
                4320722.495309793
              ],
              [
                -594908.0567228729,
                4320714.224070853
              ],
              [
                -594892.4719941618,
                4320697.681611949
              ],
              [
                -594873.5476807271,
                4320683.896248861
              ],
              [
                -594863.5289265556,
                4320678.382108546
              ],
              [
                -594853.5101723843,
                4320677.003573908
              ],
              [
                -594810.095570975,
                4320668.732369763
              ],
              [
                -594757.7754103021,
                4320663.21823718
              ],
              [
                -594725.492757972,
                4320656.3255754085
              ],
              [
                -594714.3608088926,
                4320650.811449153
              ],
              [
                -594698.7760801816,
                4320635.647616449
              ],
              [
                -594683.1913514705,
                4320614.969697034
              ],
              [
                -594652.0218940484,
                4320588.777722536
              ],
              [
                -594644.2295296929,
                4320577.749541729
              ],
              [
                -594614.1732671788,
                4320555.693213851
              ],
              [
                -594580.7774199407,
                4320536.393963864
              ],
              [
                -594547.3815727028,
                4320507.445153464
              ],
              [
                -594531.7968439917,
                4320486.767479197
              ],
              [
                -594527.3440643599,
                4320478.496420562
              ],
              [
                -594529.5704541758,
                4320453.683282612
              ],
              [
                -594526.2308694521,
                4320435.762718392
              ],
              [
                -594517.3253101886,
                4320426.113196111
              ],
              [
                -594510.646140741,
                4320431.627207788
              ],
              [
                -594506.1933611092,
                4320426.113196111
              ],
              [
                -594479.4766833188,
                4320415.0851811925
              ],
              [
                -594479.4766833188,
                4320409.571177951
              ],
              [
                -594477.2502935029,
                4320408.19267758
              ],
              [
                -594461.665564792,
                4320405.435677365
              ],
              [
                -594453.8732004365,
                4320390.272188745
              ],
              [
                -594443.854446265,
                4320386.13669554
              ],
              [
                -594442.741251357,
                4320382.001203914
              ],
              [
                -594442.741251357,
                4320354.431300167
              ],
              [
                -594442.741251357,
                4320350.295820668
              ],
              [
                -594438.2884717253,
                4320348.917327853
              ],
              [
                -594432.7224971857,
                4320197.284190952
              ],
              [
                -594436.0620819094,
                4320162.8224109
              ],
              [
                -594446.0808360808,
                4320106.305329352
              ],
              [
                -594468.3447342396,
                4320062.194641659
              ],
              [
                -594490.6086323982,
                4320031.868648239
              ],
              [
                -594548.4947676107,
                4319958.810922387
              ],
              [
                -594577.4378352169,
                4319917.457711402
              ],
              [
                -594663.1538431278,
                4319805.804831568
              ],
              [
                -594678.7385718388,
                4319765.830623951
              ],
              [
                -594679.8517667468,
                4319727.234977481
              ],
              [
                -594679.8517667468,
                4319706.5587949585
              ],
              [
                -594646.4559195088,
                4319639.016874183
              ],
              [
                -594605.2677079153,
                4319576.988951151
              ],
              [
                -594576.324640309,
                4319537.01558925
              ],
              [
                -594562.9663014138,
                4319516.339770376
              ],
              [
                -594560.7399115979,
                4319505.312683137
              ],
              [
                -594564.0794963216,
                4319481.880160087
              ],
              [
                -594559.62671669,
                4319480.501777959
              ],
              [
                -594559.62671669,
                4319476.366632627
              ],
              [
                -594568.5322759534,
                4319401.934287043
              ],
              [
                -594564.0794963216,
                4319379.88035709
              ],
              [
                -594548.4947676107,
                4319319.232281596
              ],
              [
                -594552.9475472424,
                4319282.016585456
              ],
              [
                -594555.1739370583,
                4319254.449485688
              ],
              [
                -594551.8343523345,
                4319224.125757094
              ],
              [
                -594544.041987979,
                4319200.693843225
              ],
              [
                -594540.7024032552,
                4319181.3970110975
              ],
              [
                -594542.928793071,
                4319164.856896674
              ],
              [
                -594557.4003268741,
                4319127.641731699
              ],
              [
                -594569.6454708613,
                4319078.0217109155
              ],
              [
                -594571.8718606773,
                4319057.346769437
              ],
              [
                -594552.9475472424,
                4318989.80890268
              ],
              [
                -594554.0607421504,
                4318976.025716378
              ],
              [
                -594577.4378352169,
                4318902.975122204
              ],
              [
                -594596.3621486519,
                4318867.1391620375
              ],
              [
                -594616.3996569945,
                4318827.168423455
              ],
              [
                -594664.2670380358,
                4318667.286946113
              ],
              [
                -594680.9649616546,
                4318599.751514755
              ],
              [
                -594688.7573260101,
                4318533.59476633
              ],
              [
                -594687.6441311022,
                4318507.407831851
              ],
              [
                -594685.4177412865,
                4318493.625260222
              ],
              [
                -594677.6253769309,
                4318481.220960767
              ],
              [
                -594652.0218940484,
                4318448.14289843
              ],
              [
                -594626.4184111659,
                4318402.66072787
              ],
              [
                -594616.3996569945,
                4318365.448185101
              ],
              [
                -594625.305216258,
                4318313.075193622
              ],
              [
                -594628.6448009819,
                4318262.080682396
              ],
              [
                -594626.4184111659,
                4318248.298423328
              ],
              [
                -594586.3433944804,
                4318149.066676374
              ],
              [
                -594578.5510301249,
                4318132.528140377
              ],
              [
                -594548.4947676107,
                4318103.585763219
              ],
              [
                -594495.0614120299,
                4318080.1562765185
              ],
              [
                -594489.4954374903,
                4318070.508855568
              ],
              [
                -594481.7030731348,
                4318052.592239483
              ],
              [
                -594477.2502935029,
                4318030.54106042
              ],
              [
                -594478.363488411,
                4317990.57341293
              ],
              [
                -594485.0426578585,
                4317960.253227123
              ],
              [
                -594490.6086323982,
                4317946.471352576
              ],
              [
                -594499.5141916616,
                4317936.82405084
              ],
              [
                -594510.646140741,
                4317929.933126295
              ],
              [
                -594526.2308694521,
                4317924.42038982
              ],
              [
                -594554.0607421504,
                4317920.285839306
              ],
              [
                -594558.513521782,
                4317916.151290374
              ],
              [
                -594568.5322759534,
                4317883.07495579
              ],
              [
                -594526.2308694521,
                4317883.07495579
              ],
              [
                -594516.2121152807,
                4317859.645946648
              ],
              [
                -594512.8725305569,
                4317845.864200263
              ],
              [
                -594497.2878018458,
                4317848.6205481365
              ],
              [
                -594418.2509633827,
                4317854.133245988
              ],
              [
                -594417.1377684746,
                4317840.351506626
              ],
              [
                -594501.7405814774,
                4317836.216988243
              ],
              [
                -594507.3065560171,
                4317838.973333657
              ],
              [
                -594512.8725305569,
                4317838.973333657
              ],
              [
                -594503.9669712933,
                4317821.057101015
              ],
              [
                -594506.1933611092,
                4317796.25005865
              ],
              [
                -594505.0801662013,
                4317789.359223643
              ],
              [
                -594496.1746069378,
                4317763.174090643
              ],
              [
                -594487.2690476744,
                4317749.392467153
              ],
              [
                -594482.8162680427,
                4317735.6108612195
              ],
              [
                -594473.9107087792,
                4317697.022457996
              ],
              [
                -594475.0239036871,
                4317691.509840201
              ],
              [
                -594486.1558527665,
                4317685.997225214
              ],
              [
                -594502.8537763854,
                4317652.921594276
              ],
              [
                -594505.0801662013,
                4317643.2745543
              ],
              [
                -594512.8725305569,
                4317635.005669738
              ],
              [
                -594535.1364287154,
                4317578.501794375
              ],
              [
                -594540.7024032552,
                4317561.964130581
              ],
              [
                -594547.3815727028,
                4317549.560899325
              ],
              [
                -594555.1739370583,
                4317531.645145945
              ],
              [
                -594561.8531065058,
                4317523.3763467
              ],
              [
                -594583.0038097566,
                4317488.923084532
              ],
              [
                -594586.3433944804,
                4317475.1418103855
              ],
              [
                -594596.3621486519,
                4317451.713684621
              ],
              [
                -594628.6448009819,
                4317414.504412678
              ],
              [
                -594633.0975806136,
                4317396.588882938
              ],
              [
                -594630.8711907977,
                4317393.832650225
              ],
              [
                -594633.0975806136,
                4317384.185841265
              ],
              [
                -594636.4371653373,
                4317382.807726401
              ],
              [
                -594638.6635551532,
                4317374.539040904
              ],
              [
                -594637.5503602453,
                4317370.404700526
              ],
              [
                -594639.7767500611,
                4317367.648474484
              ],
              [
                -594635.3239704295,
                4317366.270361727
              ],
              [
                -594640.8899449691,
                4317366.270361727
              ],
              [
                -594637.5503602453,
                4317362.136024508
              ],
              [
                -594640.8899449691,
                4317360.757912453
              ],
              [
                -594638.6635551532,
                4317355.245465986
              ],
              [
                -594633.0975806136,
                4317353.86735481
              ],
              [
                -594634.2107755215,
                4317349.733022329
              ],
              [
                -594636.4371653373,
                4317348.354911855
              ],
              [
                -594636.4371653373,
                4317344.220581481
              ],
              [
                -594638.6635551532,
                4317344.220581481
              ],
              [
                -594636.4371653373,
                4317333.19570821
              ],
              [
                -594639.7767500611,
                4317331.81759984
              ],
              [
                -594634.2107755215,
                4317326.30516812
              ],
              [
                -594635.3239704295,
                4317323.548953313
              ],
              [
                -594638.6635551532,
                4317322.170846172
              ],
              [
                -594637.5503602453,
                4317308.389784423
              ],
              [
                -594644.2295296929,
                4317300.121155798
              ],
              [
                -594643.116334785,
                4317297.364947662
              ],
              [
                -594645.3427246008,
                4317291.852533493
              ],
              [
                -594649.7955042326,
                4317293.230636773
              ],
              [
                -594650.9086991405,
                4317297.364947662
              ],
              [
                -594653.1350889563,
                4317291.852533493
              ],
              [
                -594659.814258404,
                4317290.47443039
              ],
              [
                -594659.814258404,
                4317287.71822471
              ],
              [
                -594658.7010634961,
                4317283.583917509
              ],
              [
                -594663.1538431278,
                4317279.449611885
              ],
              [
                -594657.5878685882,
                4317273.937206845
              ],
              [
                -594658.7010634961,
                4317269.802904907
              ],
              [
                -594663.1538431278,
                4317267.0467044925
              ],
              [
                -594662.0406482199,
                4317265.668604548
              ],
              [
                -594664.2670380358,
                4317261.534305771
              ],
              [
                -594662.0406482199,
                4317258.778107464
              ],
              [
                -594663.1538431278,
                4317256.021909859
              ],
              [
                -594657.5878685882,
                4317256.021909859
              ],
              [
                -594654.2482838643,
                4317249.131418916
              ],
              [
                -594645.3427246008,
                4317250.509516753
              ],
              [
                -594642.003139877,
                4317243.619029323
              ],
              [
                -594645.3427246008,
                4317236.7285462795
              ],
              [
                -594649.7955042326,
                4317233.972354291
              ],
              [
                -594647.5691144167,
                4317232.59425856
              ],
              [
                -594649.7955042326,
                4317229.838067624
              ],
              [
                -594648.6823093246,
                4317225.703782536
              ],
              [
                -594652.0218940484,
                4317222.947593357
              ],
              [
                -594650.9086991405,
                4317220.191404878
              ],
              [
                -594659.814258404,
                4317214.679030028
              ],
              [
                -594660.9274533119,
                4317210.544750734
              ],
              [
                -594659.814258404,
                4317206.41047302
              ],
              [
                -594663.1538431278,
                4317203.654288756
              ],
              [
                -594660.9274533119,
                4317192.629558713
              ],
              [
                -594653.1350889563,
                4317191.251468249
              ],
              [
                -594653.1350889563,
                4317188.495287844
              ],
              [
                -594656.4746736803,
                4317187.117197906
              ],
              [
                -594660.9274533119,
                4317187.117197906
              ],
              [
                -594654.2482838643,
                4317185.7391081415
              ],
              [
                -594652.0218940484,
                4317182.982929141
              ],
              [
                -594658.7010634961,
                4317177.470573247
              ],
              [
                -594656.4746736803,
                4317177.470573247
              ],
              [
                -594656.4746736803,
                4317171.958220163
              ],
              [
                -594657.5878685882,
                4317170.58013233
              ],
              [
                -594659.814258404,
                4317170.58013233
              ],
              [
                -594664.2670380358,
                4317166.445869887
              ],
              [
                -594666.4934278516,
                4317165.067782756
              ],
              [
                -594670.9462074833,
                4317169.202044674
              ],
              [
                -594675.398987115,
                4317165.067782756
              ],
              [
                -594676.5121820229,
                4317159.55543599
              ],
              [
                -594683.1913514705,
                4317149.908835906
              ],
              [
                -594683.1913514705,
                4317138.884160629
              ],
              [
                -594686.5309361944,
                4317127.859496581
              ],
              [
                -594696.5496903657,
                4317114.078682323
              ],
              [
                -594702.1156649053,
                4317096.163650024
              ],
              [
                -594707.681639445,
                4317090.651338361
              ],
              [
                -594711.0212241688,
                4317082.382876133
              ],
              [
                -594711.0212241688,
                4317069.980194638
              ],
              [
                -594707.681639445,
                4317046.552946157
              ],
              [
                -594697.6628852736,
                4317018.9915422965
              ],
              [
                -594693.210105642,
                4316996.942469755
              ],
              [
                -594684.3045463784,
                4316974.893442146
              ],
              [
                -594678.7385718388,
                4316968.003130231
              ],
              [
                -594675.398987115,
                4316961.112822705
              ],
              [
                -594678.7385718388,
                4316945.954161592
              ],
              [
                -594692.096910734,
                4316941.819984973
              ],
              [
                -594690.9837158261,
                4316936.30775194
              ],
              [
                -594692.096910734,
                4316928.039407655
              ],
              [
                -594694.3233005498,
                4316926.661350887
              ],
              [
                -594693.210105642,
                4316923.905237882
              ],
              [
                -594695.4364954578,
                4316922.527181643
              ],
              [
                -594693.210105642,
                4316921.149125577
              ],
              [
                -594695.4364954578,
                4316919.771069689
              ],
              [
                -594690.9837158261,
                4316917.014958438
              ],
              [
                -594690.9837158261,
                4316911.50273804
              ],
              [
                -594689.8705209182,
                4316911.50273804
              ],
              [
                -594687.6441311022,
                4316908.746628894
              ],
              [
                -594692.096910734,
                4316903.23441271
              ],
              [
                -594669.8330125754,
                4316883.941678175
              ],
              [
                -594668.7198176674,
                4316878.429474627
              ],
              [
                -594662.0406482199,
                4316875.673373906
              ],
              [
                -594665.3802329436,
                4316874.295323808
              ],
              [
                -594665.3802329436,
                4316872.917273886
              ],
              [
                -594672.0594023913,
                4316872.917273886
              ],
              [
                -594673.1725972991,
                4316870.161174568
              ],
              [
                -594664.2670380358,
                4316857.758736329
              ],
              [
                -594657.5878685882,
                4316853.624593408
              ],
              [
                -594656.4746736803,
                4316850.868499005
              ],
              [
                -594658.7010634961,
                4316846.734358715
              ],
              [
                -594653.1350889563,
                4316843.978266067
              ],
              [
                -594647.5691144167,
                4316843.978266067
              ],
              [
                -594640.8899449691,
                4316838.466082877
              ],
              [
                -594642.003139877,
                4316841.222174122
              ],
              [
                -594639.7767500611,
                4316843.978266067
              ],
              [
                -594634.2107755215,
                4316842.600220007
              ],
              [
                -594636.4371653373,
                4316837.088037518
              ],
              [
                -594633.0975806136,
                4316827.44172492
              ],
              [
                -594628.6448009819,
                4316824.685637185
              ],
              [
                -594628.6448009819,
                4316817.795420921
              ],
              [
                -594624.19202135,
                4316812.283251068
              ],
              [
                -594625.305216258,
                4316809.527167195
              ],
              [
                -594623.0788264421,
                4316806.771084025
              ],
              [
                -594627.531606074,
                4316805.393042702
              ],
              [
                -594635.3239704295,
                4316809.527167195
              ],
              [
                -594636.4371653373,
                4316806.771084025
              ],
              [
                -594634.2107755215,
                4316805.393042702
              ],
              [
                -594634.2107755215,
                4316799.8808791675
              ],
              [
                -594631.9843857056,
                4316795.746758359
              ],
              [
                -594630.8711907977,
                4316791.612639131
              ],
              [
                -594625.305216258,
                4316788.856560522
              ],
              [
                -594628.6448009819,
                4316787.478521481
              ],
              [
                -594624.19202135,
                4316781.966367072
              ],
              [
                -594628.6448009819,
                4316781.966367072
              ],
              [
                -594627.531606074,
                4316779.210290921
              ],
              [
                -594634.2107755215,
                4316780.58832891
              ],
              [
                -594640.8899449691,
                4316777.832253109
              ],
              [
                -594634.2107755215,
                4316775.076178011
              ],
              [
                -594631.9843857056,
                4316770.942066679
              ],
              [
                -594636.4371653373,
                4316765.429920694
              ],
              [
                -594634.2107755215,
                4316762.673848755
              ],
              [
                -594635.3239704295,
                4316758.5397421615
              ],
              [
                -594634.2107755215,
                4316755.783671977
              ],
              [
                -594636.4371653373,
                4316754.405637148
              ],
              [
                -594638.6635551532,
                4316757.161706982
              ],
              [
                -594644.2295296929,
                4316755.783671977
              ],
              [
                -594639.7767500611,
                4316751.649568016
              ],
              [
                -594640.8899449691,
                4316750.271533715
              ],
              [
                -594637.5503602453,
                4316746.13743186
              ],
              [
                -594650.9086991405,
                4316742.003331584
              ],
              [
                -594652.0218940484,
                4316740.62529851
              ],
              [
                -594663.1538431278,
                4316742.003331584
              ],
              [
                -594667.6066227595,
                4316736.49120034
              ],
              [
                -594665.3802329436,
                4316730.979071905
              ],
              [
                -594653.1350889563,
                4316722.710884518
              ],
              [
                -594659.814258404,
                4316724.088915309
              ],
              [
                -594665.3802329436,
                4316728.223008741
              ],
              [
                -594670.9462074833,
                4316724.088915309
              ],
              [
                -594676.5121820229,
                4316726.844977422
              ],
              [
                -594676.5121820229,
                4316721.3328539
              ],
              [
                -594680.9649616546,
                4316722.710884518
              ],
              [
                -594677.6253769309,
                4316717.198763101
              ],
              [
                -594682.0781565626,
                4316718.576793193
              ],
              [
                -594683.1913514705,
                4316715.820733187
              ],
              [
                -594686.5309361944,
                4316714.442703447
              ],
              [
                -594690.9837158261,
                4316717.198763101
              ],
              [
                -594690.9837158261,
                4316713.064673884
              ],
              [
                -594701.0024699975,
                4316708.930586243
              ],
              [
                -594701.0024699975,
                4316703.418471848
              ],
              [
                -594708.794834353,
                4316704.796500183
              ],
              [
                -594703.2288598133,
                4316699.284387893
              ],
              [
                -594711.0212241688,
                4316699.284387893
              ],
              [
                -594706.5684445371,
                4316686.882145506
              ],
              [
                -594706.5684445371,
                4316679.99201699
              ],
              [
                -594718.8135885245,
                4316675.857941985
              ],
              [
                -594726.60595288,
                4316668.967820488
              ],
              [
                -594733.2851223275,
                4316667.5897967145
              ],
              [
                -594741.077486683,
                4316670.345844436
              ],
              [
                -594746.6434612226,
                4316656.565612849
              ],
              [
                -594753.3226306703,
                4316651.0535251275
              ],
              [
                -594758.88860521,
                4316641.407378371
              ],
              [
                -594761.1149950258,
                4316630.383221179
              ],
              [
                -594766.6809695655,
                4316616.603040482
              ],
              [
                -594775.586528829,
                4316604.20089286
              ],
              [
                -594782.2656982766,
                4316578.018627892
              ],
              [
                -594791.17125754,
                4316562.8605034435
              ],
              [
                -594792.284452448,
                4316547.70240023
              ],
              [
                -594806.755986251,
                4316528.410299574
              ],
              [
                -594804.5295964351,
                4316525.654288003
              ],
              [
                -594804.5295964351,
                4316516.008253032
              ],
              [
                -594814.5483506066,
                4316499.472213084
              ],
              [
                -594813.4351556987,
                4316493.960205382
              ],
              [
                -594816.7747404225,
                4316478.802198682
              ],
              [
                -594805.6427913432,
                4316453.998233518
              ],
              [
                -594808.982376067,
                4316451.242240898
              ],
              [
                -594810.095570975,
                4316442.974267249
              ],
              [
                -594822.3407149621,
                4316420.926368405
              ],
              [
                -594829.0198844097,
                4316412.658417919
              ],
              [
                -594831.2462742256,
                4316393.366558019
              ],
              [
                -594829.0198844097,
                4316390.610580841
              ],
              [
                -594830.1330793176,
                4316386.476616391
              ],
              [
                -594827.9066895017,
                4316379.586679148
              ],
              [
                -594827.9066895017,
                4316374.074732513
              ],
              [
                -594826.7934945938,
                4316363.0508476645
              ],
              [
                -594816.7747404225,
                4316349.271007397
              ],
              [
                -594815.6615455146,
                4316342.381093842
              ],
              [
                -594816.7747404225,
                4316335.491184674
              ],
              [
                -594815.6615455146,
                4316328.601279894
              ],
              [
                -594820.1143251462,
                4316320.333399948
              ],
              [
                -594821.2275200542,
                4316313.443504819
              ],
              [
                -594819.0011302383,
                4316307.931591873
              ],
              [
                -594822.3407149621,
                4316291.395869882
              ],
              [
                -594820.1143251462,
                4316266.5923342705
              ],
              [
                -594823.4539098701,
                4316263.836389379
              ],
              [
                -594824.567104778,
                4316258.3245017
              ],
              [
                -594822.3407149621,
                4316254.190587783
              ],
              [
                -594822.3407149621,
                4316234.899010388
              ],
              [
                -594817.8879353304,
                4316223.875267316
              ],
              [
                -594821.2275200542,
                4316210.095604269
              ],
              [
                -594820.1143251462,
                4316205.961708775
              ],
              [
                -594825.6802996859,
                4316190.804105478
              ],
              [
                -594824.567104778,
                4316189.426142596
              ],
              [
                -594826.7934945938,
                4316186.670217355
              ],
              [
                -594829.0198844097,
                4316179.780407325
              ],
              [
                -594841.265028397,
                4316168.7567204
              ],
              [
                -594854.6233672922,
                4316175.646523412
              ],
              [
                -594862.4157316478,
                4316160.488962577
              ],
              [
                -594869.0949010953,
                4316152.221211069
              ],
              [
                -594876.8872654508,
                4316149.465295304
              ],
              [
                -594882.4532399905,
                4316143.953465878
              ],
              [
                -594885.7928247143,
                4316132.92981545
              ],
              [
                -594884.6796298063,
                4316131.551859935
              ],
              [
                -594892.4719941618,
                4316120.528222139
              ],
              [
                -594893.5851890699,
                4316105.370738505
              ],
              [
                -594896.9247737937,
                4316102.614834669
              ],
              [
                -594902.4907483333,
                4316090.2132761
              ],
              [
                -594918.0754770444,
                4316075.055834925
              ],
              [
                -594919.1886719522,
                4316065.410201594
              ],
              [
                -594922.5282566762,
                4316068.166095953
              ],
              [
                -594929.2074261237,
                4316051.630740321
              ],
              [
                -594941.4525701109,
                4316037.8512965925
              ],
              [
                -594943.6789599268,
                4316033.7174668955
              ],
              [
                -594944.7921548347,
                4316028.205696423
              ],
              [
                -594940.339375203,
                4316015.804223122
              ],
              [
                -594951.4713242823,
                4315999.268947493
              ],
              [
                -594950.3581293743,
                4315991.001319154
              ],
              [
                -594955.924103914,
                4315982.7336971285
              ],
              [
                -594959.2636886379,
                4315962.064669703
              ],
              [
                -594962.6032733616,
                4315957.930868954
              ],
              [
                -594968.1692479013,
                4315959.308802362
              ],
              [
                -594969.2824428092,
                4315955.175002666
              ],
              [
                -594975.9616122568,
                4315948.285340016
              ],
              [
                -594980.4143918887,
                4315946.907408012
              ],
              [
                -594983.7539766125,
                4315934.506027874
              ],
              [
                -594984.8671715203,
                4315933.128097624
              ],
              [
                -594983.7539766125,
                4315906.94745622
              ],
              [
                -594990.4331460601,
                4315900.057824273
              ],
              [
                -594994.8859256917,
                4315890.412346914
              ],
              [
                -594994.8859256917,
                4315865.609730323
              ],
              [
                -594987.0935613362,
                4315831.161746023
              ],
              [
                -594987.0935613362,
                4315818.760498518
              ],
              [
                -594982.6407817045,
                4315806.359265222
              ],
              [
                -594982.6407817045,
                4315796.713871372
              ],
              [
                -594985.9803664283,
                4315791.202221602
              ],
              [
                -594981.5275867966,
                4315777.423109461
              ],
              [
                -594970.3956377172,
                4315767.777741399
              ],
              [
                -594970.3956377172,
                4315759.510289904
              ],
              [
                -594964.8296631775,
                4315749.864937806
              ],
              [
                -594963.7164682695,
                4315730.5742594
              ],
              [
                -594967.0560529934,
                4315722.306836325
              ],
              [
                -594967.0560529934,
                4315716.795224449
              ],
              [
                -594958.1504937299,
                4315700.260405663
              ],
              [
                -594957.037298822,
                4315693.370905291
              ],
              [
                -594989.3199511521,
                4315694.748805015
              ],
              [
                -594998.2255104156,
                4315690.61510637
              ],
              [
                -595011.5838493108,
                4315689.237207173
              ],
              [
                -595019.3762136663,
                4315690.61510637
              ],
              [
                -595037.1873321931,
                4315685.103510634
              ],
              [
                -595073.922764155,
                4315661.679260068
              ],
              [
                -595080.6019336025,
                4315635.499275316
              ],
              [
                -595087.2811030501,
                4315636.877167671
              ],
              [
                -595087.2811030501,
                4315634.121383135
              ],
              [
                -595089.507492866,
                4315632.743491131
              ],
              [
                -595082.8283234184,
                4315621.720361408
              ],
              [
                -595086.1679081421,
                4315623.09825201
              ],
              [
                -595083.9415183263,
                4315618.9645807315
              ],
              [
                -595086.1679081421,
                4315620.342470981
              ],
              [
                -595086.1679081421,
                4315617.586690657
              ],
              [
                -595089.507492866,
                4315618.9645807315
              ],
              [
                -595096.1866623135,
                4315614.830911033
              ],
              [
                -595098.4130521294,
                4315620.342470981
              ],
              [
                -595108.4318063009,
                4315618.9645807315
              ],
              [
                -595117.3373655643,
                4315625.854033737
              ],
              [
                -595119.5637553802,
                4315624.476142787
              ],
              [
                -595121.7901451961,
                4315628.609816168
              ],
              [
                -595117.3373655643,
                4315620.342470981
              ],
              [
                -595120.6769502881,
                4315621.720361408
              ],
              [
                -595121.7901451961,
                4315617.586690657
              ],
              [
                -595122.9033401039,
                4315617.586690657
              ],
              [
                -595121.7901451961,
                4315612.075132111
              ],
              [
                -595125.1297299198,
                4315607.9414650425
              ],
              [
                -595125.1297299198,
                4315612.075132111
              ],
              [
                -595128.4693146436,
                4315613.4530214835
              ],
              [
                -595127.3561197357,
                4315617.586690657
              ],
              [
                -595129.5825095515,
                4315618.9645807315
              ],
              [
                -595128.4693146436,
                4315621.720361408
              ],
              [
                -595129.5825095515,
                4315624.476142787
              ],
              [
                -595131.8088993675,
                4315625.854033737
              ],
              [
                -595131.8088993675,
                4315621.720361408
              ],
              [
                -595134.0352891834,
                4315621.720361408
              ],
              [
                -595142.9408484468,
                4315629.9877076475
              ],
              [
                -595145.1672382626,
                4315628.609816168
              ],
              [
                -595144.0540433546,
                4315623.09825201
              ],
              [
                -595141.8276535389,
                4315623.09825201
              ],
              [
                -595140.7144586309,
                4315620.342470981
              ],
              [
                -595136.2616789992,
                4315616.208800757
              ],
              [
                -595137.3748739071,
                4315613.4530214835
              ],
              [
                -595146.2804331705,
                4315610.697242913
              ],
              [
                -595148.5068229864,
                4315612.075132111
              ],
              [
                -595146.2804331705,
                4315617.586690657
              ],
              [
                -595147.3936280785,
                4315621.720361408
              ],
              [
                -595150.7332128023,
                4315628.609816168
              ],
              [
                -595150.7332128023,
                4315624.476142787
              ],
              [
                -595154.072797526,
                4315623.09825201
              ],
              [
                -595154.072797526,
                4315620.342470981
              ],
              [
                -595157.41238225,
                4315628.609816168
              ],
              [
                -595158.5255771577,
                4315628.609816168
              ],
              [
                -595159.6387720656,
                4315624.476142787
              ],
              [
                -595157.41238225,
                4315620.342470981
              ],
              [
                -595159.6387720656,
                4315620.342470981
              ],
              [
                -595167.4311364213,
                4315632.743491131
              ],
              [
                -595185.2422549482,
                4315632.743491131
              ],
              [
                -595190.8082294879,
                4315631.3655993
              ],
              [
                -595197.4873989355,
                4315635.499275316
              ],
              [
                -595203.0533734751,
                4315634.121383135
              ],
              [
                -595203.0533734751,
                4315631.3655993
              ],
              [
                -595206.3929581989,
                4315634.121383135
              ],
              [
                -595210.8457378306,
                4315632.743491131
              ],
              [
                -595213.0721276465,
                4315635.499275316
              ],
              [
                -595213.0721276465,
                4315639.632952909
              ],
              [
                -595218.6381021861,
                4315642.388738848
              ],
              [
                -595223.090881818,
                4315638.2550602015
              ],
              [
                -595228.6568563576,
                4315639.632952909
              ],
              [
                -595235.3360258052,
                4315647.90031283
              ],
              [
                -595239.7888054369,
                4315650.656100876
              ],
              [
                -595243.1283901607,
                4315650.656100876
              ],
              [
                -595249.8075596084,
                4315654.789784257
              ],
              [
                -595252.0339494243,
                4315654.789784257
              ],
              [
                -595254.2603392401,
                4315650.656100876
              ],
              [
                -595256.4867290559,
                4315657.545574055
              ],
              [
                -595258.7131188718,
                4315653.411889621
              ],
              [
                -595265.3922883194,
                4315653.411889621
              ],
              [
                -595266.5054832273,
                4315654.789784257
              ],
              [
                -595264.2790934114,
                4315656.167679068
              ],
              [
                -595269.8450679511,
                4315658.9234692175
              ],
              [
                -595273.184652675,
                4315658.9234692175
              ],
              [
                -595275.4110424907,
                4315656.167679068
              ],
              [
                -595279.8638221225,
                4315658.9234692175
              ],
              [
                -595284.3166017542,
                4315661.679260068
              ],
              [
                -595290.9957712018,
                4315661.679260068
              ],
              [
                -595295.4485508335,
                4315667.1908438755
              ],
              [
                -595302.1277202811,
                4315665.812947661
              ],
              [
                -595305.467305005,
                4315668.568740265
              ],
              [
                -595306.5804999128,
                4315672.70243049
              ],
              [
                -595315.4860591764,
                4315672.70243049
              ],
              [
                -595332.1839827952,
                4315690.61510637
              ],
              [
                -595337.7499573351,
                4315691.993005743
              ],
              [
                -595345.5423216906,
                4315687.8593081515
              ],
              [
                -595351.1082962302,
                4315689.237207173
              ],
              [
                -595357.7874656777,
                4315687.8593081515
              ],
              [
                -595365.5798300332,
                4315697.504604988
              ],
              [
                -595366.6930249413,
                4315694.748805015
              ],
              [
                -595373.3721943889,
                4315698.882505237
              ],
              [
                -595375.5985842047,
                4315703.016207039
              ],
              [
                -595376.7117791126,
                4315700.260405663
              ],
              [
                -595380.0513638365,
                4315701.638306263
              ],
              [
                -595378.9381689285,
                4315704.394107991
              ],
              [
                -595385.6173383761,
                4315709.905713551
              ],
              [
                -595387.843728192,
                4315708.527811897
              ],
              [
                -595391.1833129157,
                4315709.905713551
              ],
              [
                -595393.4097027316,
                4315707.149910419
              ],
              [
                -595397.8624823635,
                4315712.6615173835
              ],
              [
                -595401.2020670872,
                4315708.527811897
              ],
              [
                -595405.6548467189,
                4315715.417321917
              ],
              [
                -595408.9944314427,
                4315709.905713551
              ],
              [
                -595412.3340161664,
                4315712.6615173835
              ],
              [
                -595414.5604059823,
                4315712.6615173835
              ],
              [
                -595416.7867957982,
                4315718.173127154
              ],
              [
                -595423.4659652457,
                4315718.173127154
              ],
              [
                -595422.3527703378,
                4315727.818451006
              ],
              [
                -595421.2395754299,
                4315730.5742594
              ],
              [
                -595422.3527703378,
                4315731.952163861
              ],
              [
                -595424.5791601537,
                4315730.5742594
              ],
              [
                -595432.3715245093,
                4315737.463783455
              ],
              [
                -595433.4847194172,
                4315740.219594306
              ],
              [
                -595435.7111092331,
                4315736.085878294
              ],
              [
                -595437.9374990489,
                4315741.597499994
              ],
              [
                -595442.3902786807,
                4315740.219594306
              ],
              [
                -595443.5034735886,
                4315742.975405856
              ],
              [
                -595446.8430583124,
                4315741.597499994
              ],
              [
                -595454.635422668,
                4315751.242844721
              ],
              [
                -595455.748617576,
                4315748.487031065
              ],
              [
                -595460.2013972076,
                4315752.620751814
              ],
              [
                -595460.2013972076,
                4315753.998659081
              ],
              [
                -595457.9750073918,
                4315756.754474142
              ],
              [
                -595461.3145921156,
                4315758.132381933
              ],
              [
                -595465.7673717473,
                4315753.998659081
              ],
              [
                -595465.7673717473,
                4315767.777741399
              ],
              [
                -595467.9937615631,
                4315771.911469515
              ],
              [
                -595478.0125157344,
                4315767.777741399
              ],
              [
                -595482.4652953662,
                4315770.533559968
              ],
              [
                -595485.8048800899,
                4315774.667289137
              ],
              [
                -595481.3521004583,
                4315774.667289137
              ],
              [
                -595481.3521004583,
                4315778.8010198865
              ],
              [
                -595486.918074998,
                4315777.423109461
              ],
              [
                -595488.0312699059,
                4315778.8010198865
              ],
              [
                -595485.8048800899,
                4315781.556841261
              ],
              [
                -595481.3521004583,
                4315780.178930485
              ],
              [
                -595481.3521004583,
                4315782.934752213
              ],
              [
                -595492.4840495376,
                4315788.44639777
              ],
              [
                -595490.2576597218,
                4315792.580133781
              ],
              [
                -595493.5972444455,
                4315795.335958666
              ],
              [
                -595501.3896088011,
                4315795.335958666
              ],
              [
                -595501.3896088011,
                4315800.847610541
              ],
              [
                -595508.0687782487,
                4315804.981351287
              ],
              [
                -595511.4083629726,
                4315810.493008074
              ],
              [
                -595514.7479476962,
                4315811.870922711
              ],
              [
                -595515.8611426043,
                4315818.760498518
              ],
              [
                -595519.2007273281,
                4315814.626752507
              ],
              [
                -595526.9930916836,
                4315825.65007871
              ],
              [
                -595530.3326764073,
                4315825.65007871
              ],
              [
                -595531.4458713153,
                4315833.917580733
              ],
              [
                -595538.1250407628,
                4315839.429252256
              ],
              [
                -595539.2382356708,
                4315844.940926586
              ],
              [
                -595542.5778203947,
                4315847.696764803
              ],
              [
                -595534.7854560391,
                4315858.720124692
              ],
              [
                -595534.7854560391,
                4315861.475966418
              ],
              [
                -595544.8042102105,
                4315866.987651976
              ],
              [
                -595548.1437949343,
                4315873.877262871
              ],
              [
                -595553.7097694739,
                4315875.255185576
              ],
              [
                -595553.7097694739,
                4315879.388954746
              ],
              [
                -595565.9549134612,
                4315886.278573535
              ],
              [
                -595568.181303277,
                4315893.168196711
              ],
              [
                -595573.7472778168,
                4315893.168196711
              ],
              [
                -595573.7472778168,
                4315890.412346914
              ],
              [
                -595575.9736676327,
                4315890.412346914
              ],
              [
                -595577.0868625406,
                4315889.034422279
              ],
              [
                -595580.4264472643,
                4315890.412346914
              ],
              [
                -595583.7660319882,
                4315889.034422279
              ],
              [
                -595585.9924218041,
                4315894.546121872
              ],
              [
                -595581.5396421723,
                4315893.168196711
              ],
              [
                -595584.8792268961,
                4315898.679898409
              ],
              [
                -595582.6528370802,
                4315900.057824273
              ],
              [
                -595584.8792268961,
                4315900.057824273
              ],
              [
                -595585.9924218041,
                4315906.94745622
              ],
              [
                -595588.2188116198,
                4315908.325383137
              ],
              [
                -595589.3320065278,
                4315911.081237495
              ],
              [
                -595588.2188116198,
                4315912.459164937
              ],
              [
                -595585.9924218041,
                4315908.325383137
              ],
              [
                -595582.6528370802,
                4315909.703310228
              ],
              [
                -595583.7660319882,
                4315916.5929483175
              ],
              [
                -595582.6528370802,
                4315920.726733274
              ],
              [
                -595578.2000574485,
                4315923.482590792
              ],
              [
                -595580.4264472643,
                4315924.8605198115
              ],
              [
                -595584.8792268961,
                4315923.482590792
              ],
              [
                -595585.9924218041,
                4315926.23844901
              ],
              [
                -595585.9924218041,
                4315934.506027874
              ],
              [
                -595588.2188116198,
                4315941.395681751
              ],
              [
                -595588.2188116198,
                4315945.529476184
              ],
              [
                -595590.4452014357,
                4315948.285340016
              ],
              [
                -595590.4452014357,
                4315953.797069785
              ],
              [
                -595587.1056167119,
                4315959.308802362
              ],
              [
                -595588.2188116198,
                4315962.064669703
              ],
              [
                -595592.6715912516,
                4315964.820537745
              ],
              [
                -595590.4452014357,
                4315968.954341127
              ],
              [
                -595593.7847861596,
                4315970.332275935
              ],
              [
                -595596.0111759753,
                4315966.19847203
              ],
              [
                -595600.4639556071,
                4315973.088146086
              ],
              [
                -595602.690345423,
                4315971.710210923
              ],
              [
                -595599.3507606992,
                4315977.221952623
              ],
              [
                -595602.690345423,
                4316010.2924617715
              ],
              [
                -595603.8035403308,
                4316014.42628252
              ],
              [
                -595602.690345423,
                4316015.804223122
              ],
              [
                -595610.4827097785,
                4316039.229240176
              ],
              [
                -595606.0299301468,
                4316041.985127869
              ],
              [
                -595604.9167352389,
                4316061.27636137
              ],
              [
                -595607.1431250548,
                4316068.166095953
              ],
              [
                -595607.1431250548,
                4316090.2132761
              ],
              [
                -595609.3695148706,
                4316105.370738505
              ],
              [
                -595612.7090995944,
                4316110.882548278
              ],
              [
                -595613.8222945023,
                4316128.795949435
              ],
              [
                -595610.4827097785,
                4316135.685727005
              ],
              [
                -595604.9167352389,
                4316138.44163926
              ],
              [
                -595602.690345423,
                4316138.44163926
              ],
              [
                -595599.3507606992,
                4316134.307771138
              ],
              [
                -595594.8979810674,
                4316143.953465878
              ],
              [
                -595591.5583963437,
                4316160.488962577
              ],
              [
                -595593.7847861596,
                4316166.000800424
              ],
              [
                -595591.5583963437,
                4316168.7567204
              ],
              [
                -595593.7847861596,
                4316178.402445846
              ],
              [
                -595592.6715912516,
                4316181.15836898
              ],
              [
                -595585.9924218041,
                4316182.536330812
              ],
              [
                -595584.8792268961,
                4316193.560031771
              ],
              [
                -595596.0111759753,
                4316201.827814861
              ],
              [
                -595597.1243708833,
                4316210.095604269
              ],
              [
                -595591.5583963437,
                4316225.253234586
              ],
              [
                -595584.8792268961,
                4316229.3871374475
              ],
              [
                -595584.8792268961,
                4316230.76510542
              ],
              [
                -595582.6528370802,
                4316236.27697906
              ],
              [
                -595578.2000574485,
                4316237.6549479095
              ],
              [
                -595577.0868625406,
                4316241.788855508
              ],
              [
                -595571.5208880008,
                4316247.300734766
              ],
              [
                -595573.7472778168,
                4316254.190587783
              ],
              [
                -595571.5208880008,
                4316266.5923342705
              ],
              [
                -595572.6340829089,
                4316270.726252924
              ],
              [
                -595575.9736676327,
                4316266.5923342705
              ],
              [
                -595578.2000574485,
                4316269.348279864
              ],
              [
                -595577.0868625406,
                4316272.104226162
              ],
              [
                -595577.0868625406,
                4316283.128018361
              ],
              [
                -595561.5021338294,
                4316283.128018361
              ],
              [
                -595557.0493541978,
                4316298.285750974
              ],
              [
                -595547.0306000264,
                4316306.553614075
              ],
              [
                -595549.2569898423,
                4316316.199462344
              ],
              [
                -595547.0306000264,
                4316320.333399948
              ],
              [
                -595541.4646254868,
                4316321.7113795
              ],
              [
                -595534.7854560391,
                4316329.9792605
              ],
              [
                -595515.8611426043,
                4316354.782941397
              ],
              [
                -595514.7479476962,
                4316363.0508476645
              ],
              [
                -595504.7291935249,
                4316369.940774378
              ],
              [
                -595500.2764138932,
                4316379.586679148
              ],
              [
                -595476.8993208266,
                4316372.696746292
              ],
              [
                -595460.2013972076,
                4316375.452718909
              ],
              [
                -595415.6736008902,
                4316408.524445045
              ],
              [
                -595411.2208212586,
                4316415.414400713
              ],
              [
                -595405.6548467189,
                4316444.352262419
              ],
              [
                -595400.0888721792,
                4316456.75422684
              ],
              [
                -595398.9756772713,
                4316492.582203896
              ],
              [
                -595390.070118008,
                4316506.362226658
              ],
              [
                -595371.145804573,
                4316509.118233315
              ],
              [
                -595346.6555165985,
                4316510.496236907
              ],
              [
                -595367.8062198492,
                4316444.352262419
              ],
              [
                -595414.5604059823,
                4316336.869166157
              ],
              [
                -595421.2395754299,
                4316314.821483495
              ],
              [
                -595433.4847194172,
                4316254.190587783
              ],
              [
                -595434.5979143251,
                4316203.205779323
              ],
              [
                -595436.824304141,
                4316188.048179888
              ],
              [
                -595440.1638888648,
                4316179.780407325
              ],
              [
                -595476.8993208266,
                4316154.977127537
              ],
              [
                -595473.5597361028,
                4316127.417994444
              ],
              [
                -595460.2013972076,
                4316120.528222139
              ],
              [
                -595427.9187448774,
                4316083.32352748
              ],
              [
                -595398.9756772713,
                4316029.583638778
              ],
              [
                -595377.8249740206,
                4316013.048342096
              ],
              [
                -595358.9006605857,
                4315978.599888486
              ],
              [
                -595351.1082962302,
                4315968.954341127
              ],
              [
                -595339.9763471507,
                4315964.820537745
              ],
              [
                -595276.5242373986,
                4315955.175002666
              ],
              [
                -595161.8651618815,
                4315940.0177506255
              ],
              [
                -595150.7332128023,
                4315944.151544532
              ],
              [
                -595134.0352891834,
                4315960.686735946
              ],
              [
                -595113.9977808405,
                4315986.867507352
              ],
              [
                -595103.979026669,
                4315995.1351325335
              ],
              [
                -595053.8852558122,
                4316014.42628252
              ],
              [
                -595036.0741372852,
                4316022.693928757
              ],
              [
                -595020.4894085741,
                4316043.363071979
              ],
              [
                -595011.5838493108,
                4316073.677886779
              ],
              [
                -595004.9046798631,
                4316087.457376125
              ],
              [
                -594987.0935613362,
                4316097.103029106
              ],
              [
                -594964.8296631775,
                4316103.992786499
              ],
              [
                -594925.8678414,
                4316121.9061762495
              ],
              [
                -594895.8115788857,
                4316143.953465878
              ],
              [
                -594881.3400450826,
                4316160.488962577
              ],
              [
                -594853.5101723843,
                4316212.851535475
              ],
              [
                -594852.3969774763,
                4316219.741366559
              ],
              [
                -594853.5101723843,
                4316237.6549479095
              ],
              [
                -594857.962952016,
                4316269.348279864
              ],
              [
                -594860.189341832,
                4316356.160925336
              ],
              [
                -594856.849757108,
                4316411.280426785
              ],
              [
                -594844.6046131208,
                4316473.290201508
              ],
              [
                -594842.3782233049,
                4316509.118233315
              ],
              [
                -594835.6990538572,
                4316531.166311849
              ],
              [
                -594825.6802996859,
                4316554.592444513
              ],
              [
                -594806.755986251,
                4316582.152665518
              ],
              [
                -594777.8129186449,
                4316656.565612849
              ],
              [
                -594753.3226306703,
                4316691.016224722
              ],
              [
                -594721.0399783403,
                4316718.576793193
              ],
              [
                -594712.1344190768,
                4316730.979071905
              ],
              [
                -594693.210105642,
                4316764.051884636
              ],
              [
                -594689.8705209182,
                4316777.832253109
              ],
              [
                -594692.096910734,
                4316790.234599738
              ],
              [
                -594732.1719274196,
                4316901.856359102
              ],
              [
                -594744.4170714068,
                4316961.112822705
              ],
              [
                -594746.6434612226,
                4317001.0766674355
              ],
              [
                -594755.5490204862,
                4317032.772235451
              ],
              [
                -594757.7754103021,
                4317047.931018192
              ],
              [
                -594757.7754103021,
                4317060.333674415
              ],
              [
                -594754.4358255782,
                4317085.1390295075
              ],
              [
                -594755.5490204862,
                4317130.61566154
              ],
              [
                -594761.1149950258,
                4317144.396496863
              ],
              [
                -594761.1149950258,
                4317158.177349737
              ],
              [
                -594756.6622153941,
                4317169.202044674
              ],
              [
                -594753.3226306703,
                4317170.58013233
              ],
              [
                -594746.6434612226,
                4317182.982929141
              ],
              [
                -594732.1719274196,
                4317242.240932363
              ],
              [
                -594727.7191477879,
                4317254.643811318
              ],
              [
                -594727.7191477879,
                4317261.534305771
              ],
              [
                -594729.9455376038,
                4317268.424804613
              ],
              [
                -594729.9455376038,
                4317290.47443039
              ],
              [
                -594725.492757972,
                4317302.877364638
              ],
              [
                -594725.492757972,
                4317311.145995369
              ],
              [
                -594729.9455376038,
                4317320.792739208
              ],
              [
                -594735.5115121434,
                4317323.548953313
              ],
              [
                -594744.4170714068,
                4317320.792739208
              ],
              [
                -594752.2094357623,
                4317316.658419367
              ],
              [
                -594760.0018001178,
                4317308.389784423
              ],
              [
                -594770.0205542892,
                4317287.71822471
              ],
              [
                -594790.0580626321,
                4317268.424804613
              ],
              [
                -594805.6427913432,
                4317258.778107464
              ],
              [
                -594812.3219607907,
                4317247.753321255
              ],
              [
                -594813.4351556987,
                4317222.947593357
              ],
              [
                -594823.4539098701,
                4317198.14192233
              ],
              [
                -594843.4914182129,
                4317158.177349737
              ],
              [
                -594851.2837825684,
                4317154.043092032
              ],
              [
                -594860.189341832,
                4317151.286921106
              ],
              [
                -594876.8872654508,
                4317155.421177758
              ],
              [
                -594903.6039432412,
                4317154.043092032
              ],
              [
                -595028.2817729296,
                4317148.530750882
              ],
              [
                -595033.8477474693,
                4317156.79926366
              ],
              [
                -595067.2435947073,
                4317189.873377958
              ],
              [
                -595073.922764155,
                4317200.898105191
              ],
              [
                -595078.3755437867,
                4317210.544750734
              ],
              [
                -595083.9415183263,
                4317231.216163005
              ],
              [
                -595097.2998572215,
                4317262.912405189
              ],
              [
                -595118.4505604723,
                4317282.205815458
              ],
              [
                -595134.0352891834,
                4317316.658419367
              ],
              [
                -595151.8464077101,
                4317338.708143442
              ],
              [
                -595168.5443313292,
                4317363.514136739
              ],
              [
                -595191.9214243959,
                4317415.882531579
              ],
              [
                -595231.9964410813,
                4317493.0574702
              ],
              [
                -595238.675610529,
                4317524.754479469
              ],
              [
                -595252.0339494243,
                4317564.720406124
              ],
              [
                -595256.4867290559,
                4317629.493083542
              ],
              [
                -595260.9395086876,
                4317647.40899895
              ],
              [
                -595269.8450679511,
                4317670.837548482
              ],
              [
                -595285.4297966622,
                4317699.778767949
              ],
              [
                -595287.656186478,
                4317708.047702016
              ],
              [
                -595286.5429915701,
                4317742.501661992
              ],
              [
                -595295.4485508335,
                4317785.224724745
              ],
              [
                -595309.9200846367,
                4317818.300760166
              ],
              [
                -595338.863152243,
                4317859.645946648
              ],
              [
                -595360.0138554936,
                4317894.100389416
              ],
              [
                -595380.0513638365,
                4317942.336793636
              ],
              [
                -595387.843728192,
                4317975.413309405
              ],
              [
                -595411.2208212586,
                4318023.650076181
              ],
              [
                -595417.8999907061,
                4318062.239644456
              ],
              [
                -595417.8999907061,
                4318078.778072999
              ],
              [
                -595405.6548467189,
                4318158.7141673835
              ],
              [
                -595407.8812365347,
                4318171.118097035
              ],
              [
                -595414.5604059823,
                4318186.278474813
              ],
              [
                -595423.4659652457,
                4318197.304217452
              ],
              [
                -595436.824304141,
                4318220.73395787
              ],
              [
                -595445.7298634045,
                4318240.029076315
              ],
              [
                -595469.1069564711,
                4318343.396368312
              ],
              [
                -595483.5784902741,
                4318386.121804169
              ],
              [
                -595499.1632189852,
                4318423.334418056
              ],
              [
                -595508.0687782487,
                4318438.495149301
              ],
              [
                -595511.4083629726,
                4318449.521149009
              ],
              [
                -595532.5590662232,
                4318514.299124253
              ],
              [
                -595529.2194814994,
                4318532.2165050395
              ],
              [
                -595528.1062865914,
                4318550.133915504
              ],
              [
                -595539.2382356708,
                4318634.208314804
              ],
              [
                -595544.8042102105,
                4318654.882447519
              ],
              [
                -595554.8229643819,
                4318682.448019268
              ],
              [
                -595567.0681083691,
                4318704.500527247
              ],
              [
                -595583.7660319882,
                4318732.066225441
              ],
              [
                -595610.4827097785,
                4318767.901738116
              ],
              [
                -595623.8410486736,
                4318791.3327144375
              ],
              [
                -595637.1993875689,
                4318818.898633913
              ],
              [
                -595672.8216246228,
                4318927.784702637
              ],
              [
                -595715.1230311242,
                4319033.91521687
              ],
              [
                -595735.160539467,
                4319065.616741286
              ],
              [
                -595748.5188783621,
                4319073.886719458
              ],
              [
                -595760.7640223495,
                4319116.615040743
              ],
              [
                -595759.6508274415,
                4319141.425111205
              ],
              [
                -595762.9904121653,
                4319186.910388191
              ],
              [
                -595762.9904121653,
                4319213.098967772
              ],
              [
                -595690.6327431496,
                4319221.36905871
              ],
              [
                -595573.7472778168,
                4319231.017506126
              ],
              [
                -595540.3514305787,
                4319313.718837051
              ],
              [
                -595524.7667018677,
                4319344.042816832
              ],
              [
                -595466.8805666552,
                4319528.7452569585
              ],
              [
                -595444.6166684965,
                4319575.610556903
              ],
              [
                -595427.9187448774,
                4319596.286489084
              ],
              [
                -595401.2020670872,
                4319627.989661869
              ],
              [
                -595394.5228976395,
                4319640.395276515
              ],
              [
                -595387.843728192,
                4319655.5577137405
              ],
              [
                -595383.3909485602,
                4319678.990613082
              ],
              [
                -595383.3909485602,
                4319691.3962862305
              ],
              [
                -595380.0513638365,
                4319712.072439767
              ],
              [
                -595370.0326096651,
                4319758.938534122
              ],
              [
                -595354.4478809539,
                4319772.722718172
              ],
              [
                -595338.863152243,
                4319792.020605355
              ],
              [
                -595322.165228624,
                4319825.102777784
              ],
              [
                -595304.354110097,
                4319876.104658541
              ],
              [
                -595298.7881355573,
                4319902.294906993
              ],
              [
                -595299.9013304652,
                4319925.728340948
              ],
              [
                -595304.354110097,
                4319949.16182568
              ],
              [
                -595315.4860591764,
                4320005.678085994
              ],
              [
                -595309.9200846367,
                4320078.736128459
              ],
              [
                -595298.7881355573,
                4320106.305329352
              ],
              [
                -595256.4867290559,
                4320176.607109743
              ],
              [
                -595256.4867290559,
                4320194.5272445055
              ],
              [
                -595258.7131188718,
                4320204.17656014
              ],
              [
                -595286.5429915701,
                4320260.694153183
              ],
              [
                -595293.2221610177,
                4320286.885333043
              ],
              [
                -595387.843728192,
                4320311.698088268
              ],
              [
                -595408.9944314427,
                4320314.4550645845
              ],
              [
                -595417.8999907061,
                4320317.212041605
              ],
              [
                -595415.6736008902,
                4320330.996937247
              ],
              [
                -595417.8999907061,
                4320351.674313659
              ],
              [
                -595422.3527703378,
                4320376.487217541
              ],
              [
                -595431.2583296013,
                4320399.921679043
              ],
              [
                -595452.409032852,
                4320449.547765156
              ],
              [
                -595461.3145921156,
                4320495.038544159
              ],
              [
                -595541.4646254868,
                4320453.683282612
              ],
              [
                -595549.2569898423,
                4320457.81880165
              ],
              [
                -595563.7285236453,
                4320450.926270799
              ],
              [
                -595565.9549134612,
                4320456.440295127
              ],
              [
                -595571.5208880008,
                4320453.683282612
              ],
              [
                -595590.4452014357,
                4320481.253439403
              ],
              [
                -595601.577150515,
                4320475.739402424
              ],
              [
                -595619.3882690419,
                4320501.931103127
              ],
              [
                -595632.7466079372,
                4320493.660032893
              ],
              [
                -595643.8785570165,
                4320501.931103127
              ],
              [
                -595648.3313366482,
                4320503.309615447
              ],
              [
                -595661.6896755435,
                4320521.230291608
              ],
              [
                -595663.9160653593,
                4320519.851777003
              ],
              [
                -595663.9160653593,
                4320519.851777003
              ]
            ]
          ]
        ]
      }
    },
    {
      "type": "Feature",
      "properties": {
        "id": "070",
        "name": "EA 70",
        "status": "Enumeration Area",
        "area_km2": 0.026,
        "population_2001": -1,
        "population_2012": 1462,
        "population_2022": 1441,
        "density_2022": 55423.08,
        "longitude": -5.357846,
        "latitude": 36.14026
      },
      "geometry": {
        "type": "MultiPolygon",
        "coordinates": [
          [
            [
              [
                -596416.4358231218,
                4320058.0592739135
              ],
              [
                -596352.9837133696,
                4319911.943961885
              ],
              [
                -596334.0593999347,
                4319880.239956712
              ],
              [
                -596320.7010610396,
                4319863.698773517
              ],
              [
                -596282.8524341699,
                4319829.238056452
              ],
              [
                -596275.0600698143,
                4319815.453800372
              ],
              [
                -596269.4940952746,
                4319790.6421837
              ],
              [
                -596265.041315643,
                4319775.479557089
              ],
              [
                -596265.041315643,
                4319763.073787493
              ],
              [
                -596272.8336799985,
                4319753.424865422
              ],
              [
                -596288.4184087096,
                4319742.397536454
              ],
              [
                -596364.115662449,
                4319716.207675216
              ],
              [
                -596383.0399758839,
                4319771.344298976
              ],
              [
                -596399.7378995027,
                4319765.830623951
              ],
              [
                -596407.5302638583,
                4319789.263762222
              ],
              [
                -596432.0205518329,
                4319855.428191408
              ],
              [
                -596446.492085636,
                4319858.185051407
              ],
              [
                -596460.9636194392,
                4319865.0772044845
              ],
              [
                -596473.2087634263,
                4319874.72622617
              ],
              [
                -596485.4539074136,
                4319889.888991926
              ],
              [
                -596502.1518310326,
                4319936.75585685
              ],
              [
                -596517.7365597436,
                4319972.595361187
              ],
              [
                -596521.0761444676,
                4319986.379817558
              ],
              [
                -596518.8497546517,
                4319989.136710941
              ],
              [
                -596493.2462717692,
                4319997.407395304
              ],
              [
                -596476.5483481502,
                4320005.678085994
              ],
              [
                -596475.4351532422,
                4320009.813433711
              ],
              [
                -596482.1143226898,
                4320027.73329209
              ],
              [
                -596416.4358231218,
                4320058.0592739135
              ],
              [
                -596416.4358231218,
                4320058.0592739135
              ]
            ]
          ]
        ]
      }
    },
    {
      "type": "Feature",
      "properties": {
        "id": "002",
        "name": "EA 2",
        "status": "Enumeration Area",
        "area_km2": 1.154,
        "population_2001": 595,
        "population_2012": 598,
        "population_2022": 2188,
        "density_2022": 1896.01,
        "longitude": -5.344538,
        "latitude": 36.150674
      },
      "geometry": {
        "type": "MultiPolygon",
        "coordinates": [
          [
            [
              [
                -594220.1022697706,
                4320336.510900425
              ],
              [
                -594436.0620819094,
                4320347.5388352135
              ],
              [
                -594438.2884717253,
                4320348.917327853
              ],
              [
                -594442.741251357,
                4320350.295820668
              ],
              [
                -594442.741251357,
                4320354.431300167
              ],
              [
                -594442.741251357,
                4320382.001203914
              ],
              [
                -594443.854446265,
                4320386.13669554
              ],
              [
                -594453.8732004365,
                4320390.272188745
              ],
              [
                -594461.665564792,
                4320405.435677365
              ],
              [
                -594477.2502935029,
                4320408.19267758
              ],
              [
                -594479.4766833188,
                4320409.571177951
              ],
              [
                -594479.4766833188,
                4320415.0851811925
              ],
              [
                -594506.1933611092,
                4320426.113196111
              ],
              [
                -594510.646140741,
                4320431.627207788
              ],
              [
                -594517.3253101886,
                4320426.113196111
              ],
              [
                -594526.2308694521,
                4320435.762718392
              ],
              [
                -594529.5704541758,
                4320453.683282612
              ],
              [
                -594527.3440643599,
                4320478.496420562
              ],
              [
                -594531.7968439917,
                4320486.767479197
              ],
              [
                -594547.3815727028,
                4320507.445153464
              ],
              [
                -594580.7774199407,
                4320536.393963864
              ],
              [
                -594614.1732671788,
                4320555.693213851
              ],
              [
                -594644.2295296929,
                4320577.749541729
              ],
              [
                -594652.0218940484,
                4320588.777722536
              ],
              [
                -594683.1913514705,
                4320614.969697034
              ],
              [
                -594698.7760801816,
                4320635.647616449
              ],
              [
                -594714.3608088926,
                4320650.811449153
              ],
              [
                -594725.492757972,
                4320656.3255754085
              ],
              [
                -594757.7754103021,
                4320663.21823718
              ],
              [
                -594810.095570975,
                4320668.732369763
              ],
              [
                -594853.5101723843,
                4320677.003573908
              ],
              [
                -594863.5289265556,
                4320678.382108546
              ],
              [
                -594873.5476807271,
                4320683.896248861
              ],
              [
                -594892.4719941618,
                4320697.681611949
              ],
              [
                -594908.0567228729,
                4320714.224070853
              ],
              [
                -594920.3018668602,
                4320722.495309793
              ],
              [
                -594948.1317395584,
                4320737.659264286
              ],
              [
                -594987.0935613362,
                4320752.8232400445
              ],
              [
                -594991.5463409679,
                4320759.715963326
              ],
              [
                -594993.7727307838,
                4320769.365783306
              ],
              [
                -595003.7914849552,
                4320773.501423075
              ],
              [
                -595010.4706544027,
                4320781.772707359
              ],
              [
                -595008.2442645868,
                4320791.422547021
              ],
              [
                -595022.71579839,
                4320794.17964565
              ],
              [
                -595031.6213576534,
                4320814.8579077665
              ],
              [
                -595048.3192812725,
                4320834.157654754
              ],
              [
                -595049.4324761804,
                4320838.2933193045
              ],
              [
                -595048.3192812725,
                4320845.186097069
              ],
              [
                -595053.8852558122,
                4320861.728781634
              ],
              [
                -595061.6776201677,
                4320867.243015446
              ],
              [
                -595077.2623488788,
                4320871.378692651
              ],
              [
                -595097.2998572215,
                4320882.4071729295
              ],
              [
                -595126.2429248278,
                4320874.135811666
              ],
              [
                -595132.9220942754,
                4320861.728781634
              ],
              [
                -595138.488068815,
                4320860.35022362
              ],
              [
                -595172.9971109609,
                4320879.650051806
              ],
              [
                -595181.9026702244,
                4320875.514371439
              ],
              [
                -595220.8644920021,
                4320908.599858673
              ],
              [
                -595256.4867290559,
                4320966.499704935
              ],
              [
                -595244.2415850686,
                4320978.906855185
              ],
              [
                -595234.2228308972,
                4321003.721198393
              ],
              [
                -595263.1658985035,
                4321016.128391353
              ],
              [
                -595290.9957712018,
                4321036.807077925
              ],
              [
                -595303.240915189,
                4321042.321401021
              ],
              [
                -595346.6555165985,
                4321061.6215540115
              ],
              [
                -595374.4853892968,
                4321068.514474142
              ],
              [
                -595386.730533284,
                4321071.271643425
              ],
              [
                -595426.8055499697,
                4321079.54315549
              ],
              [
                -595450.1826430362,
                4321078.164569707
              ],
              [
                -595470.2201513789,
                4321065.7573055625
              ],
              [
                -595495.8236342614,
                4321029.914178006
              ],
              [
                -595673.9348195306,
                4321098.84337492
              ],
              [
                -595766.3299968891,
                4321054.728638274
              ],
              [
                -595770.7827765208,
                4321049.21430885
              ],
              [
                -595815.3105728381,
                4321046.457145191
              ],
              [
                -595814.1973779302,
                4321043.699982236
              ],
              [
                -595888.7814367617,
                4321036.807077925
              ],
              [
                -595891.0078265775,
                4321063.000137686
              ],
              [
                -596130.3447317831,
                4321126.415176723
              ],
              [
                -596200.4760109829,
                4321196.723589552
              ],
              [
                -596201.5892058908,
                4321200.859392781
              ],
              [
                -596202.7024007988,
                4321232.567270082
              ],
              [
                -596207.1551804304,
                4321232.567270082
              ],
              [
                -596207.1551804304,
                4321240.838905541
              ],
              [
                -596197.1364262591,
                4321242.217512066
              ],
              [
                -596194.9100364433,
                4321200.859392781
              ],
              [
                -596157.0614095734,
                4321162.258624177
              ],
              [
                -596140.3634859545,
                4321162.258624177
              ],
              [
                -596144.8162655863,
                4321244.974725643
              ],
              [
                -596140.3634859545,
                4321244.974725643
              ],
              [
                -596135.9107063228,
                4321138.822510472
              ],
              [
                -596129.2315368752,
                4321133.308138159
              ],
              [
                -596063.5530373071,
                4321115.386447566
              ],
              [
                -596069.1190118468,
                4321247.731939924
              ],
              [
                -596065.7794271229,
                4321249.110547327
              ],
              [
                -596059.1002576754,
                4321114.00785721
              ],
              [
                -595975.6106395805,
                4321091.950435455
              ],
              [
                -595982.289809028,
                4321253.246370593
              ],
              [
                -595977.8370293964,
                4321253.246370593
              ],
              [
                -595970.0446650408,
                4321090.57184809
              ],
              [
                -595891.0078265775,
                4321069.893058696
              ],
              [
                -595906.5925552886,
                4321228.4314547265
              ],
              [
                -595903.2529705649,
                4321227.05284996
              ],
              [
                -595905.4793603807,
                4321242.217512066
              ],
              [
                -595907.7057501966,
                4321282.197177753
              ],
              [
                -595912.1585298283,
                4321331.827313234
              ],
              [
                -595915.4981145521,
                4321331.827313234
              ],
              [
                -595915.4981145521,
                4321334.584549662
              ],
              [
                -595938.8752076187,
                4321333.205931359
              ],
              [
                -595943.3279872503,
                4321334.584549662
              ],
              [
                -595945.5543770662,
                4321331.827313234
              ],
              [
                -595961.1391057773,
                4321331.827313234
              ],
              [
                -595961.1391057773,
                4321330.448695283
              ],
              [
                -595963.3654955932,
                4321331.827313234
              ],
              [
                -595964.4786905011,
                4321330.448695283
              ],
              [
                -595966.705080317,
                4321330.448695283
              ],
              [
                -595966.705080317,
                4321331.827313234
              ],
              [
                -595980.0634192122,
                4321333.205931359
              ],
              [
                -595985.629393752,
                4321329.070077509
              ],
              [
                -595987.8557835678,
                4321333.205931359
              ],
              [
                -596000.1009275549,
                4321331.827313234
              ],
              [
                -596005.6669020946,
                4321329.070077509
              ],
              [
                -596016.798851174,
                4321331.827313234
              ],
              [
                -596064.6662322151,
                4321329.070077509
              ],
              [
                -596069.1190118468,
                4321329.070077509
              ],
              [
                -596072.4585965707,
                4321324.934225239
              ],
              [
                -596074.6849863864,
                4321324.934225239
              ],
              [
                -596089.1565201896,
                4321315.283909427
              ],
              [
                -596102.5148590847,
                4321311.14806243
              ],
              [
                -596112.5336132562,
                4321312.5266779205
              ],
              [
                -596122.5523674276,
                4321319.419758006
              ],
              [
                -596128.1183419672,
                4321324.934225239
              ],
              [
                -596135.9107063228,
                4321326.312842485
              ],
              [
                -596218.2871295097,
                4321323.555608166
              ],
              [
                -596228.3058836812,
                4321319.419758006
              ],
              [
                -596241.6642225764,
                4321322.17699127
              ],
              [
                -596279.512849446,
                4321319.419758006
              ],
              [
                -596279.512849446,
                4321300.119144842
              ],
              [
                -596283.9656290777,
                4321300.119144842
              ],
              [
                -596285.0788239856,
                4321319.419758006
              ],
              [
                -596330.719815211,
                4321315.283909427
              ],
              [
                -596348.5309337379,
                4321316.662525445
              ],
              [
                -596386.3795606076,
                4321312.5266779205
              ],
              [
                -596399.7378995027,
                4321313.905293585
              ],
              [
                -596403.0774842266,
                4321311.14806243
              ],
              [
                -596443.1525009122,
                4321312.5266779205
              ],
              [
                -596525.5289240992,
                4321307.012217017
              ],
              [
                -596629.056050537,
                4321304.25498762
              ],
              [
                -596633.5088301688,
                4321300.119144842
              ],
              [
                -596642.4143894322,
                4321297.361917202
              ],
              [
                -596647.9803639718,
                4321298.740530933
              ],
              [
                -596660.225507959,
                4321308.390831978
              ],
              [
                -596665.7914824988,
                4321322.17699127
              ],
              [
                -596664.6782875909,
                4321340.099024628
              ],
              [
                -596666.9046774068,
                4321349.749362589
              ],
              [
                -596663.5650926828,
                4321366.29281913
              ],
              [
                -596664.6782875909,
                4321375.943180468
              ],
              [
                -596665.7914824988,
                4321377.32180422
              ],
              [
                -596664.6782875909,
                4321378.700428146
              ],
              [
                -596666.9046774068,
                4321386.972175403
              ],
              [
                -596666.9046774068,
                4321399.379808151
              ],
              [
                -596668.0178723146,
                4321402.137061808
              ],
              [
                -596666.9046774068,
                4321403.515688898
              ],
              [
                -596668.0178723146,
                4321404.894316166
              ],
              [
                -596666.9046774068,
                4321409.030199024
              ],
              [
                -596668.0178723146,
                4321422.816486637
              ],
              [
                -596665.7914824988,
                4321426.95237635
              ],
              [
                -596668.0178723146,
                4321428.331006606
              ],
              [
                -596668.0178723146,
                4321443.49595102
              ],
              [
                -596669.1310672224,
                4321446.253215927
              ],
              [
                -596666.9046774068,
                4321450.389114603
              ],
              [
                -596666.9046774068,
                4321457.282282582
              ],
              [
                -596665.7914824988,
                4321458.660916705
              ],
              [
                -596665.7914824988,
                4321465.554089958
              ],
              [
                -596668.0178723146,
                4321468.311360489
              ],
              [
                -596666.9046774068,
                4321475.204539894
              ],
              [
                -596659.1123130512,
                4321490.369550053
              ],
              [
                -596649.0935588798,
                4321495.884104477
              ],
              [
                -596592.3206185752,
                4321493.126826914
              ],
              [
                -596484.3407125057,
                4321500.020022141
              ],
              [
                -596453.1712550836,
                4321512.427784623
              ],
              [
                -596428.680967109,
                4321534.486064196
              ],
              [
                -596424.2281874773,
                4321535.864708163
              ],
              [
                -596418.6622129376,
                4321533.1074204035
              ],
              [
                -596415.3226282138,
                4321542.7579306355
              ],
              [
                -596417.5490180297,
                4321552.408449485
              ],
              [
                -596427.5677722011,
                4321571.709513022
              ],
              [
                -596432.0205518329,
                4321586.8746585455
              ],
              [
                -596430.907356925,
                4321597.903868649
              ],
              [
                -596427.5677722011,
                4321607.554436721
              ],
              [
                -596413.096238398,
                4321618.583667923
              ],
              [
                -596406.4170689504,
                4321621.340977481
              ],
              [
                -596403.0774842266,
                4321626.855598706
              ],
              [
                -596404.1906791346,
                4321710.953920935
              ],
              [
                -596403.0774842266,
                4321724.740593548
              ],
              [
                -596399.7378995027,
                4321726.119261776
              ],
              [
                -596396.398314779,
                4321726.119261776
              ],
              [
                -596395.2851198711,
                4321720.604589918
              ],
              [
                -596391.9455351472,
                4321628.234254453
              ],
              [
                -596379.7003911601,
                4321619.962322613
              ],
              [
                -596374.1344166204,
                4321619.962322613
              ],
              [
                -596369.6816369887,
                4321617.205013408
              ],
              [
                -596360.7760777252,
                4321608.933090006
              ],
              [
                -596356.3232980934,
                4321599.282520705
              ],
              [
                -596355.2101031855,
                4321582.738707657
              ],
              [
                -596359.6628828172,
                4321568.952216121
              ],
              [
                -596368.5684420808,
                4321559.301682508
              ],
              [
                -596380.813586068,
                4321552.408449485
              ],
              [
                -596383.0399758839,
                4321546.893866232
              ],
              [
                -596384.1531707917,
                4321527.592846994
              ],
              [
                -596380.813586068,
                4321516.563708615
              ],
              [
                -596371.9080268046,
                4321508.291862212
              ],
              [
                -596360.7760777252,
                4321502.777301462
              ],
              [
                -596336.2857897506,
                4321504.155941386
              ],
              [
                -596325.1538406714,
                4321501.398661714
              ],
              [
                -596292.8711883413,
                4321502.777301462
              ],
              [
                -596293.9843832492,
                4321519.320992155
              ],
              [
                -596288.4184087096,
                4321519.320992155
              ],
              [
                -596287.3052138016,
                4321502.777301462
              ],
              [
                -596278.3996545381,
                4321501.398661714
              ],
              [
                -596273.9468749064,
                4321504.155941386
              ],
              [
                -596269.4940952746,
                4321501.398661714
              ],
              [
                -596260.5885360113,
                4321504.155941386
              ],
              [
                -596236.0982480367,
                4321502.777301462
              ],
              [
                -596203.8155957066,
                4321506.913221762
              ],
              [
                -596168.1933586529,
                4321505.534581485
              ],
              [
                -596153.7218248496,
                4321506.913221762
              ],
              [
                -596145.9294604941,
                4321513.806425777
              ],
              [
                -596125.8919521513,
                4321520.699634187
              ],
              [
                -596096.9488845451,
                4321523.4569187835
              ],
              [
                -596081.364155834,
                4321520.699634187
              ],
              [
                -596056.8738678596,
                4321511.049143644
              ],
              [
                -595972.2710548567,
                4321513.806425777
              ],
              [
                -595964.4786905011,
                4321538.621996625
              ],
              [
                -595954.4599363297,
                4321548.272511781
              ],
              [
                -595947.7807668821,
                4321551.029803408
              ],
              [
                -595936.6488178028,
                4321544.136575659
              ],
              [
                -595928.8564534473,
                4321520.699634187
              ],
              [
                -595919.950894184,
                4321516.563708615
              ],
              [
                -595814.1973779302,
                4321519.320992155
              ],
              [
                -595672.8216246228,
                4321527.592846994
              ],
              [
                -595670.5952348069,
                4321528.971490083
              ],
              [
                -595673.9348195306,
                4321537.243352306
              ],
              [
                -595675.0480144386,
                4321553.787095738
              ],
              [
                -595683.953573702,
                4321548.272511781
              ],
              [
                -595688.4063533337,
                4321551.029803408
              ],
              [
                -595688.4063533337,
                4321552.408449485
              ],
              [
                -595676.1612093465,
                4321557.923035551
              ],
              [
                -595691.7459380575,
                4321557.923035551
              ],
              [
                -595706.2174718607,
                4321555.165742166
              ],
              [
                -595709.5570565846,
                4321555.165742166
              ],
              [
                -595720.6890056639,
                4321553.787095738
              ],
              [
                -595735.160539467,
                4321552.408449485
              ],
              [
                -595742.9529038225,
                4321555.165742166
              ],
              [
                -595748.5188783621,
                4321581.3600577125
              ],
              [
                -595748.5188783621,
                4321630.991566473
              ],
              [
                -595746.2924885462,
                4321637.884849597
              ],
              [
                -595741.8397089145,
                4321642.020821582
              ],
              [
                -595728.4813700194,
                4321642.020821582
              ],
              [
                -595726.2549802035,
                4321653.050087945
              ],
              [
                -595719.575810756,
                4321670.972669777
              ],
              [
                -595715.1230311242,
                4321702.681925807
              ],
              [
                -595712.8966413083,
                4321705.439256814
              ],
              [
                -595712.8966413083,
                4321712.332587405
              ],
              [
                -595708.4438616766,
                4321734.391274836
              ],
              [
                -595701.764692229,
                4321789.538190322
              ],
              [
                -595701.764692229,
                4321808.839677198
              ],
              [
                -595703.9910820449,
                4321815.733073719
              ],
              [
                -595714.0098362163,
                4321833.655925244
              ],
              [
                -595720.6890056639,
                4321843.306703758
              ],
              [
                -595726.2549802035,
                4321843.306703758
              ],
              [
                -595731.8209547431,
                4321851.578806482
              ],
              [
                -595734.047344559,
                4321866.744344584
              ],
              [
                -595738.5001241908,
                4321869.501717433
              ],
              [
                -595740.7265140066,
                4321875.016465243
              ],
              [
                -595745.1792936384,
                4321877.773840201
              ],
              [
                -595745.1792936384,
                4321883.28859223
              ],
              [
                -595741.8397089145,
                4321887.424658097
              ],
              [
                -595742.9529038225,
                4321892.939415049
              ],
              [
                -595746.2924885462,
                4321891.560725547
              ],
              [
                -595749.63207327,
                4321895.696794579
              ],
              [
                -595748.5188783621,
                4321895.696794579
              ],
              [
                -595755.1980478097,
                4321919.134548984
              ],
              [
                -595758.5376325336,
                4321941.19365837
              ],
              [
                -595773.0091663367,
                4321938.436267234
              ],
              [
                -595703.9910820449,
                4321952.223229943
              ],
              [
                -595604.9167352389,
                4321954.980624593
              ],
              [
                -595552.596574566,
                4321960.495416005
              ],
              [
                -595452.409032852,
                4321963.2528127665
              ],
              [
                -595436.824304141,
                4321967.388909226
              ],
              [
                -595424.5791601537,
                4321966.01021023
              ],
              [
                -595423.4659652457,
                4321963.2528127665
              ],
              [
                -595362.2402453094,
                4321964.631511411
              ],
              [
                -595040.526916917,
                4321974.282406841
              ],
              [
                -594666.4934278516,
                4321811.597035279
              ],
              [
                -594370.3835823414,
                4321695.788601368
              ],
              [
                -594333.6481503797,
                4321677.865978395
              ],
              [
                -594313.6106420369,
                4321672.351331149
              ],
              [
                -594313.6106420369,
                4321668.215347562
              ],
              [
                -594321.4030063924,
                4321666.836686717
              ],
              [
                -594322.5162013003,
                4321655.807406292
              ],
              [
                -594325.8557860241,
                4321647.535453357
              ],
              [
                -594329.1953707479,
                4321630.991566473
              ],
              [
                -594328.08217584,
                4321606.175783614
              ],
              [
                -594321.4030063924,
                4321602.039825341
              ],
              [
                -594320.2898114845,
                4321596.525216771
              ],
              [
                -594322.5162013003,
                4321595.1465650685
              ],
              [
                -594330.308565656,
                4321596.525216771
              ],
              [
                -594334.7613452877,
                4321592.389262191
              ],
              [
                -594339.2141249193,
                4321575.845459692
              ],
              [
                -594342.5537096432,
                4321549.651157507
              ],
              [
                -594340.3273198273,
                4321535.864708163
              ],
              [
                -594342.5537096432,
                4321531.728776787
              ],
              [
                -594341.4405147352,
                4321526.214204082
              ],
              [
                -594347.0064892748,
                4321493.126826914
              ],
              [
                -594347.0064892748,
                4321472.447267605
              ],
              [
                -594352.5724638145,
                4321457.282282582
              ],
              [
                -594354.7988536303,
                4321443.49595102
              ],
              [
                -594354.7988536303,
                4321429.709637037
              ],
              [
                -594350.3460739987,
                4321417.301969482
              ],
              [
                -594340.3273198273,
                4321409.030199024
              ],
              [
                -594335.8745401956,
                4321395.243928987
              ],
              [
                -594292.4599387861,
                4321388.350800561
              ],
              [
                -594291.3467438782,
                4321389.729425894
              ],
              [
                -594288.0071591545,
                4321386.972175403
              ],
              [
                -594280.214794799,
                4321385.593550421
              ],
              [
                -594279.101599891,
                4321382.836300983
              ],
              [
                -594282.4411846148,
                4321377.32180422
              ],
              [
                -594286.8939642465,
                4321374.564556893
              ],
              [
                -594305.8182776812,
                4321378.700428146
              ],
              [
                -594341.4405147352,
                4321380.07905225
              ],
              [
                -594347.0064892748,
                4321369.050064348
              ],
              [
                -594351.4592689066,
                4321340.099024628
              ],
              [
                -594355.9120485383,
                4321327.691459909
              ],
              [
                -594360.3648281699,
                4321293.22607706
              ],
              [
                -594364.8176078018,
                4321283.57578955
              ],
              [
                -594365.9308027097,
                4321268.411069438
              ],
              [
                -594371.4967772494,
                4321257.382195441
              ],
              [
                -594368.1571925255,
                4321249.110547327
              ],
              [
                -594373.7231670652,
                4321232.567270082
              ],
              [
                -594374.8363619732,
                4321218.781225047
              ],
              [
                -594382.6287263287,
                4321185.694788679
              ],
              [
                -594384.8551161446,
                4321134.686730974
              ],
              [
                -594391.5342855921,
                4321102.979140709
              ],
              [
                -594395.987065224,
                4321087.814673885
              ],
              [
                -594400.4398448557,
                4321080.921741451
              ],
              [
                -594395.987065224,
                4321061.6215540115
              ],
              [
                -594395.987065224,
                4321036.807077925
              ],
              [
                -594398.2134550398,
                4321025.778440165
              ],
              [
                -594383.7419212366,
                4321021.642703906
              ],
              [
                -594342.5537096432,
                4321014.749813655
              ],
              [
                -594329.1953707479,
                4321009.235504618
              ],
              [
                -594325.8557860241,
                4321005.099774688
              ],
              [
                -594324.7425911162,
                4321000.964046338
              ],
              [
                -594326.9689809321,
                4320998.206894982
              ],
              [
                -594332.5349554718,
                4320996.828319568
              ],
              [
                -594347.0064892748,
                4321005.099774688
              ],
              [
                -594380.4023365128,
                4321007.8569278
              ],
              [
                -594392.6474805002,
                4320995.44974433
              ],
              [
                -594400.4398448557,
                4320984.421148754
              ],
              [
                -594406.0058193953,
                4320970.635420104
              ],
              [
                -594411.5717939349,
                4320922.385508232
              ],
              [
                -594409.3454041191,
                4320897.571351679
              ],
              [
                -594400.4398448557,
                4320868.6215743385
              ],
              [
                -594402.6662346716,
                4320846.564653151
              ],
              [
                -594409.3454041191,
                4320806.586598174
              ],
              [
                -594407.1190143032,
                4320796.93674498
              ],
              [
                -594416.0245735667,
                4320747.309064581
              ],
              [
                -594413.7981837508,
                4320732.145096556
              ],
              [
                -594414.9113786587,
                4320707.331376567
              ],
              [
                -594409.3454041191,
                4320690.788928208
              ],
              [
                -594408.2322092112,
                4320677.003573908
              ],
              [
                -594403.7794295795,
                4320664.596770063
              ],
              [
                -594397.1002601318,
                4320659.08263959
              ],
              [
                -594370.3835823414,
                4320659.08263959
              ],
              [
                -594361.478023078,
                4320660.461171944
              ],
              [
                -594355.9120485383,
                4320659.08263959
              ],
              [
                -594341.4405147352,
                4320657.704107411
              ],
              [
                -594338.1009300115,
                4320660.461171944
              ],
              [
                -594331.4217605637,
                4320657.704107411
              ],
              [
                -594318.0634216686,
                4320657.704107411
              ],
              [
                -594313.6106420369,
                4320656.3255754085
              ],
              [
                -594306.9314725893,
                4320657.704107411
              ],
              [
                -594303.5918878654,
                4320656.3255754085
              ],
              [
                -594304.7050827733,
                4320659.08263959
              ],
              [
                -594303.5918878654,
                4320659.08263959
              ],
              [
                -594300.2523031416,
                4320653.568511928
              ],
              [
                -594284.6675744306,
                4320653.568511928
              ],
              [
                -594272.4224304435,
                4320646.675856307
              ],
              [
                -594261.290481364,
                4320639.783205079
              ],
              [
                -594257.9508966403,
                4320632.890558243
              ],
              [
                -594232.3474137577,
                4320625.9979158025
              ],
              [
                -594195.611981796,
                4320624.619387842
              ],
              [
                -594187.8196174405,
                4320602.562964364
              ],
              [
                -594183.3668378087,
                4320584.642153415
              ],
              [
                -594191.1592021643,
                4320572.235455541
              ],
              [
                -594190.0460072564,
                4320559.828771902
              ],
              [
                -594193.3855919801,
                4320552.936176031
              ],
              [
                -594192.2723970723,
                4320530.879898765
              ],
              [
                -594200.0647614278,
                4320493.660032893
              ],
              [
                -594198.9515665199,
                4320479.874929896
              ],
              [
                -594202.2911512436,
                4320467.468352222
              ],
              [
                -594202.2911512436,
                4320450.926270799
              ],
              [
                -594206.7439308754,
                4320433.005711147
              ],
              [
                -594211.196710507,
                4320379.244210376
              ],
              [
                -594217.8758799547,
                4320359.945275294
              ],
              [
                -594216.7626850466,
                4320346.16034275
              ],
              [
                -594220.1022697706,
                4320336.510900425
              ],
              [
                -594220.1022697706,
                4320336.510900425
              ]
            ]
          ]
        ]
      }
    },
    {
      "type": "Feature",
      "properties": {
        "id": "065",
        "name": "EA 65",
        "status": "Enumeration Area",
        "area_km2": 0.032,
        "population_2001": 2434,
        "population_2012": 2383,
        "population_2022": 2226,
        "density_2022": 69562.5,
        "longitude": -5.355991,
        "latitude": 36.145306
      },
      "geometry": {
        "type": "MultiPolygon",
        "coordinates": [
          [
            [
              [
                -596436.4733314646,
                4320517.094748321
              ],
              [
                -596435.3601365567,
                4320525.365836479
              ],
              [
                -596386.3795606076,
                4320577.749541729
              ],
              [
                -596365.2288573569,
                4320587.399199321
              ],
              [
                -596287.3052138016,
                4320670.110903347
              ],
              [
                -596278.3996545381,
                4320686.653320072
              ],
              [
                -596222.7399091414,
                4320751.444695915
              ],
              [
                -596182.6648924559,
                4320794.17964565
              ],
              [
                -596177.0989179163,
                4320795.558195226
              ],
              [
                -596164.8537739291,
                4320788.665449097
              ],
              [
                -596093.6092998213,
                4320711.466992611
              ],
              [
                -596090.2697150975,
                4320690.788928208
              ],
              [
                -596116.9863928879,
                4320643.9187952895
              ],
              [
                -596127.0051470593,
                4320634.269087259
              ],
              [
                -596149.2690452179,
                4320631.512029404
              ],
              [
                -596160.4009942972,
                4320634.269087259
              ],
              [
                -596169.3065535608,
                4320551.557657382
              ],
              [
                -596177.0989179163,
                4320536.393963864
              ],
              [
                -596186.0044771797,
                4320530.879898765
              ],
              [
                -596198.249621167,
                4320528.122867269
              ],
              [
                -596324.0406457634,
                4320539.150997468
              ],
              [
                -596331.8330101189,
                4320536.393963864
              ],
              [
                -596352.9837133696,
                4320515.716234242
              ],
              [
                -596375.2476115284,
                4320485.3889689855
              ],
              [
                -596380.813586068,
                4320442.655239578
              ],
              [
                -596424.2281874773,
                4320442.655239578
              ],
              [
                -596438.6997212805,
                4320441.27673499
              ],
              [
                -596439.8129161885,
                4320463.332829494
              ],
              [
                -596437.5865263726,
                4320495.038544159
              ],
              [
                -596436.4733314646,
                4320517.094748321
              ],
              [
                -596436.4733314646,
                4320517.094748321
              ]
            ]
          ]
        ]
      }
    },
    {
      "type": "Feature",
      "properties": {
        "id": "066",
        "name": "EA 66",
        "status": "Enumeration Area",
        "area_km2": 0.149,
        "population_2001": 2588,
        "population_2012": 3210,
        "population_2022": 3292,
        "density_2022": 22093.96,
        "longitude": -5.359905,
        "latitude": 36.144288
      },
      "geometry": {
        "type": "MultiPolygon",
        "coordinates": [
          [
            [
              [
                -596585.6414491276,
                4320733.523638225
              ],
              [
                -596547.7928222578,
                4320654.947043582
              ],
              [
                -596521.0761444676,
                4320606.69854034
              ],
              [
                -596486.5671023215,
                4320526.744351786
              ],
              [
                -596479.8879328739,
                4320517.094748321
              ],
              [
                -596460.9636194392,
                4320512.959206613
              ],
              [
                -596436.4733314646,
                4320517.094748321
              ],
              [
                -596437.5865263726,
                4320495.038544159
              ],
              [
                -596439.8129161885,
                4320463.332829494
              ],
              [
                -596438.6997212805,
                4320441.27673499
              ],
              [
                -596444.2656958201,
                4320406.814177384
              ],
              [
                -596443.1525009122,
                4320399.921679043
              ],
              [
                -596400.8510944108,
                4320399.921679043
              ],
              [
                -596397.5115096869,
                4320368.216243256
              ],
              [
                -596397.5115096869,
                4320288.263817951
              ],
              [
                -596406.4170689504,
                4320246.909347156
              ],
              [
                -596413.096238398,
                4320233.124558702
              ],
              [
                -596452.0580601756,
                4320240.016950732
              ],
              [
                -596466.5295939788,
                4320237.259993393
              ],
              [
                -596467.6427888867,
                4320227.610648239
              ],
              [
                -596463.1900092551,
                4320092.52072012
              ],
              [
                -596462.0768143471,
                4320081.493045386
              ],
              [
                -596425.3413823852,
                4320069.086924752
              ],
              [
                -596411.9830434901,
                4320059.437729653
              ],
              [
                -596482.1143226898,
                4320027.73329209
              ],
              [
                -596492.1330768613,
                4320055.302362961
              ],
              [
                -596493.2462717692,
                4320049.788543164
              ],
              [
                -596497.6990514009,
                4320052.54545271
              ],
              [
                -596509.9441953881,
                4320047.03163432
              ],
              [
                -596524.4157291913,
                4320045.653180161
              ],
              [
                -596526.6421190072,
                4320038.760912004
              ],
              [
                -596528.8685088231,
                4320038.760912004
              ],
              [
                -596528.8685088231,
                4320042.896272371
              ],
              [
                -596534.4344833627,
                4320048.410088654
              ],
              [
                -596540.0004579023,
                4320058.0592739135
              ],
              [
                -596543.3400426261,
                4320058.0592739135
              ],
              [
                -596545.5664324419,
                4320060.816185568
              ],
              [
                -596550.0192120738,
                4320059.437729653
              ],
              [
                -596552.2456018896,
                4320063.5730979275
              ],
              [
                -596545.5664324419,
                4320066.330010989
              ],
              [
                -596551.1324069817,
                4320077.35767026
              ],
              [
                -596574.5095000482,
                4320121.4684198
              ],
              [
                -596581.1886694959,
                4320120.089956153
              ],
              [
                -596583.4150593118,
                4320122.846883621
              ],
              [
                -596578.9622796801,
                4320126.982276143
              ],
              [
                -596596.7733982069,
                4320154.551600029
              ],
              [
                -596627.942855629,
                4320194.5272445055
              ],
              [
                -596657.9991181432,
                4320223.475217237
              ],
              [
                -596685.8289908415,
                4320248.287826969
              ],
              [
                -596694.7345501051,
                4320253.801747973
              ],
              [
                -596694.7345501051,
                4320255.180228665
              ],
              [
                -596702.5269144606,
                4320259.315671789
              ],
              [
                -596737.0359566064,
                4320286.885333043
              ],
              [
                -596784.9033376476,
                4320313.076576338
              ],
              [
                -596839.4498881364,
                4320336.510900425
              ],
              [
                -596848.3554473998,
                4320343.40335835
              ],
              [
                -596856.1478117552,
                4320355.8097936865
              ],
              [
                -596856.1478117552,
                4320375.1087213885
              ],
              [
                -596858.3742015711,
                4320402.678677852
              ],
              [
                -596855.0346168474,
                4320405.435677365
              ],
              [
                -596857.2610066631,
                4320406.814177384
              ],
              [
                -596856.1478117552,
                4320456.440295127
              ],
              [
                -596858.3742015711,
                4320466.08984447
              ],
              [
                -596856.1478117552,
                4320466.08984447
              ],
              [
                -596855.0346168474,
                4320470.225368253
              ],
              [
                -596856.1478117552,
                4320482.6319490895
              ],
              [
                -596855.0346168474,
                4320521.230291608
              ],
              [
                -596857.2610066631,
                4320522.608806389
              ],
              [
                -596858.3742015711,
                4320526.744351786
              ],
              [
                -596855.0346168474,
                4320529.50138293
              ],
              [
                -596856.1478117552,
                4320536.393963864
              ],
              [
                -596855.0346168474,
                4320544.665066784
              ],
              [
                -596855.0346168474,
                4320573.613976824
              ],
              [
                -596855.0346168474,
                4320579.128063713
              ],
              [
                -596861.7137862949,
                4320584.642153415
              ],
              [
                -596856.1478117552,
                4320591.534769497
              ],
              [
                -596855.0346168474,
                4320612.212644099
              ],
              [
                -596856.1478117552,
                4320616.348223765
              ],
              [
                -596856.1478117552,
                4320649.43291803
              ],
              [
                -596857.2610066631,
                4320650.811449153
              ],
              [
                -596855.0346168474,
                4320696.30307485
              ],
              [
                -596857.2610066631,
                4320696.30307485
              ],
              [
                -596856.1478117552,
                4320697.681611949
              ],
              [
                -596855.0346168474,
                4320710.088453753
              ],
              [
                -596857.2610066631,
                4320728.009472603
              ],
              [
                -596855.0346168474,
                4320732.145096556
              ],
              [
                -596855.0346168474,
                4320769.365783306
              ],
              [
                -596856.1478117552,
                4320770.744329719
              ],
              [
                -596853.9214219394,
                4320774.879970016
              ],
              [
                -596855.0346168474,
                4320777.637064425
              ],
              [
                -596849.4686423076,
                4320788.665449097
              ],
              [
                -596843.902667768,
                4320794.17964565
              ],
              [
                -596827.204744149,
                4320796.93674498
              ],
              [
                -596823.8651594252,
                4320799.693845014
              ],
              [
                -596796.0352867269,
                4320796.93674498
              ],
              [
                -596780.4505580158,
                4320798.315294909
              ],
              [
                -596773.7713885682,
                4320795.558195226
              ],
              [
                -596767.0922191207,
                4320798.315294909
              ],
              [
                -596752.6206853174,
                4320798.315294909
              ],
              [
                -596725.904007527,
                4320806.586598174
              ],
              [
                -596709.2060839082,
                4320817.61501237
              ],
              [
                -596710.3192788161,
                4320820.372117676
              ],
              [
                -596712.5456686319,
                4320821.750670594
              ],
              [
                -596712.5456686319,
                4320823.129223687
              ],
              [
                -596703.6401093685,
                4320834.157654754
              ],
              [
                -596705.8664991843,
                4320835.536209428
              ],
              [
                -596703.6401093685,
                4320838.2933193045
              ],
              [
                -596698.0741348288,
                4320835.536209428
              ],
              [
                -596696.9609399209,
                4320836.914764279
              ],
              [
                -596692.5081602891,
                4320850.7003224455
              ],
              [
                -596690.2817704732,
                4320861.728781634
              ],
              [
                -596684.7157959336,
                4320858.971665783
              ],
              [
                -596642.4143894322,
                4320857.593108119
              ],
              [
                -596629.056050537,
                4320849.321765838
              ],
              [
                -596621.2636861814,
                4320830.021991785
              ],
              [
                -596610.131737102,
                4320785.908351875
              ],
              [
                -596585.6414491276,
                4320733.523638225
              ],
              [
                -596585.6414491276,
                4320733.523638225
              ]
            ]
          ]
        ]
      }
    },
    {
      "type": "Feature",
      "properties": {
        "id": "067",
        "name": "EA 67",
        "status": "Enumeration Area",
        "area_km2": 0.124,
        "population_2001": 1340,
        "population_2012": 2573,
        "population_2022": 3692,
        "density_2022": 29774.19,
        "longitude": -5.358033,
        "latitude": 36.148189
      },
      "geometry": {
        "type": "MultiPolygon",
        "coordinates": [
          [
            [
              [
                -596263.928120735,
                4321067.135889765
              ],
              [
                -596295.0975781571,
                4320945.821152821
              ],
              [
                -596302.8899425127,
                4320941.685447143
              ],
              [
                -596367.4552471729,
                4320952.713999133
              ],
              [
                -596380.813586068,
                4320949.95686008
              ],
              [
                -596446.492085636,
                4320882.4071729295
              ],
              [
                -596585.6414491276,
                4320733.523638225
              ],
              [
                -596610.131737102,
                4320785.908351875
              ],
              [
                -596621.2636861814,
                4320830.021991785
              ],
              [
                -596542.2268477182,
                4320983.042575099
              ],
              [
                -596552.2456018896,
                4321003.721198393
              ],
              [
                -596564.4907458769,
                4321011.992658785
              ],
              [
                -596744.8283209619,
                4321057.485804043
              ],
              [
                -596786.0165325555,
                4321056.107221071
              ],
              [
                -597211.2569873858,
                4321057.485804043
              ],
              [
                -597212.3701822937,
                4321078.164569707
              ],
              [
                -597266.9167327824,
                4321076.785984099
              ],
              [
                -597318.1236985474,
                4321076.785984099
              ],
              [
                -597318.1236985474,
                4321078.164569707
              ],
              [
                -597324.8028679949,
                4321078.164569707
              ],
              [
                -597324.8028679949,
                4321076.785984099
              ],
              [
                -597331.4820374425,
                4321076.785984099
              ],
              [
                -597334.8216221662,
                4321075.407398668
              ],
              [
                -597337.0480119821,
                4321071.271643425
              ],
              [
                -597335.9348170742,
                4321222.917036712
              ],
              [
                -597135.5597336463,
                4321224.295640953
              ],
              [
                -597125.5409794749,
                4321216.024018149
              ],
              [
                -597117.7486151194,
                4321200.859392781
              ],
              [
                -597117.7486151194,
                4321182.937590219
              ],
              [
                -597097.7111067766,
                4321182.937590219
              ],
              [
                -597070.9944289862,
                4321176.044597143
              ],
              [
                -596768.2054140286,
                4321182.937590219
              ],
              [
                -596754.8470751334,
                4321181.558991252
              ],
              [
                -596738.1491515144,
                4321176.044597143
              ],
              [
                -596723.6776177112,
                4321167.773011254
              ],
              [
                -596716.9984482637,
                4321166.394414221
              ],
              [
                -596690.2817704732,
                4321169.151608462
              ],
              [
                -596684.7157959336,
                4321167.773011254
              ],
              [
                -596675.8102366701,
                4321170.530205849
              ],
              [
                -596656.8859232353,
                4321169.151608462
              ],
              [
                -596631.2824403528,
                4321171.908803408
              ],
              [
                -596581.1886694959,
                4321174.665999056
              ],
              [
                -596548.9060171657,
                4321174.665999056
              ],
              [
                -596526.6421190072,
                4321177.423195409
              ],
              [
                -596515.5101699278,
                4321174.665999056
              ],
              [
                -596513.283780112,
                4321173.287401143
              ],
              [
                -596513.283780112,
                4321166.394414221
              ],
              [
                -596504.3782208485,
                4321163.637220683
              ],
              [
                -596502.1518310326,
                4321169.151608462
              ],
              [
                -596494.3594666771,
                4321173.287401143
              ],
              [
                -596487.6802972294,
                4321171.908803408
              ],
              [
                -596491.0198819533,
                4321160.880027846
              ],
              [
                -596309.5691119604,
                4321115.386447566
              ],
              [
                -596263.928120735,
                4321067.135889765
              ],
              [
                -596263.928120735,
                4321067.135889765
              ]
            ]
          ],
          [
            [
              [
                -597292.5202156649,
                4319747.911199532
              ],
              [
                -597304.7653596522,
                4319743.77595196
              ],
              [
                -597345.9535712457,
                4319851.292902725
              ],
              [
                -597495.1216889087,
                4320248.287826969
              ],
              [
                -597496.2348838166,
                4320257.937190573
              ],
              [
                -597489.555714369,
                4320264.829598417
              ],
              [
                -597478.4237652896,
                4320264.829598417
              ],
              [
                -597472.85779075,
                4320257.937190573
              ],
              [
                -597473.9709856579,
                4320249.666306957
              ],
              [
                -597478.4237652896,
                4320242.773908775
              ],
              [
                -597473.9709856579,
                4320230.367603119
              ],
              [
                -597475.0841805658,
                4320228.989125591
              ],
              [
                -597473.9709856579,
                4320223.475217237
              ],
              [
                -597471.7445958421,
                4320224.853694062
              ],
              [
                -597292.5202156649,
                4319747.911199532
              ],
              [
                -597292.5202156649,
                4319747.911199532
              ]
            ]
          ]
        ]
      }
    },
    {
      "type": "Feature",
      "properties": {
        "id": "064",
        "name": "EA 64",
        "status": "Enumeration Area",
        "area_km2": 0.7,
        "population_2001": 3235,
        "population_2012": 4064,
        "population_2022": 4542,
        "density_2022": 6488.57,
        "longitude": -5.35382,
        "latitude": 36.130315
      },
      "geometry": {
        "type": "MultiPolygon",
        "coordinates": [
          [
            [
              [
                -596407.5302638583,
                4319789.263762222
              ],
              [
                -596399.7378995027,
                4319765.830623951
              ],
              [
                -596383.0399758839,
                4319771.344298976
              ],
              [
                -596364.115662449,
                4319716.207675216
              ],
              [
                -596288.4184087096,
                4319742.397536454
              ],
              [
                -596272.8336799985,
                4319753.424865422
              ],
              [
                -596265.041315643,
                4319763.073787493
              ],
              [
                -596265.041315643,
                4319775.479557089
              ],
              [
                -596269.4940952746,
                4319790.6421837
              ],
              [
                -596275.0600698143,
                4319815.453800372
              ],
              [
                -596282.8524341699,
                4319829.238056452
              ],
              [
                -596320.7010610396,
                4319863.698773517
              ],
              [
                -596334.0593999347,
                4319880.239956712
              ],
              [
                -596352.9837133696,
                4319911.943961885
              ],
              [
                -596416.4358231218,
                4320058.0592739135
              ],
              [
                -596411.9830434901,
                4320059.437729653
              ],
              [
                -596425.3413823852,
                4320069.086924752
              ],
              [
                -596462.0768143471,
                4320081.493045386
              ],
              [
                -596463.1900092551,
                4320092.52072012
              ],
              [
                -596467.6427888867,
                4320227.610648239
              ],
              [
                -596466.5295939788,
                4320237.259993393
              ],
              [
                -596452.0580601756,
                4320240.016950732
              ],
              [
                -596413.096238398,
                4320233.124558702
              ],
              [
                -596406.4170689504,
                4320246.909347156
              ],
              [
                -596397.5115096869,
                4320288.263817951
              ],
              [
                -596397.5115096869,
                4320368.216243256
              ],
              [
                -596400.8510944108,
                4320399.921679043
              ],
              [
                -596443.1525009122,
                4320399.921679043
              ],
              [
                -596444.2656958201,
                4320406.814177384
              ],
              [
                -596438.6997212805,
                4320441.27673499
              ],
              [
                -596424.2281874773,
                4320442.655239578
              ],
              [
                -596380.813586068,
                4320442.655239578
              ],
              [
                -596375.2476115284,
                4320485.3889689855
              ],
              [
                -596352.9837133696,
                4320515.716234242
              ],
              [
                -596331.8330101189,
                4320536.393963864
              ],
              [
                -596324.0406457634,
                4320539.150997468
              ],
              [
                -596198.249621167,
                4320528.122867269
              ],
              [
                -596186.0044771797,
                4320530.879898765
              ],
              [
                -596177.0989179163,
                4320536.393963864
              ],
              [
                -596169.3065535608,
                4320551.557657382
              ],
              [
                -596160.4009942972,
                4320634.269087259
              ],
              [
                -596149.2690452179,
                4320631.512029404
              ],
              [
                -596127.0051470593,
                4320634.269087259
              ],
              [
                -596116.9863928879,
                4320643.9187952895
              ],
              [
                -596090.2697150975,
                4320690.788928208
              ],
              [
                -596093.6092998213,
                4320711.466992611
              ],
              [
                -596164.8537739291,
                4320788.665449097
              ],
              [
                -596177.0989179163,
                4320795.558195226
              ],
              [
                -596182.6648924559,
                4320794.17964565
              ],
              [
                -596222.7399091414,
                4320751.444695915
              ],
              [
                -596278.3996545381,
                4320686.653320072
              ],
              [
                -596287.3052138016,
                4320670.110903347
              ],
              [
                -596365.2288573569,
                4320587.399199321
              ],
              [
                -596386.3795606076,
                4320577.749541729
              ],
              [
                -596435.3601365567,
                4320525.365836479
              ],
              [
                -596436.4733314646,
                4320517.094748321
              ],
              [
                -596460.9636194392,
                4320512.959206613
              ],
              [
                -596479.8879328739,
                4320517.094748321
              ],
              [
                -596486.5671023215,
                4320526.744351786
              ],
              [
                -596521.0761444676,
                4320606.69854034
              ],
              [
                -596547.7928222578,
                4320654.947043582
              ],
              [
                -596585.6414491276,
                4320733.523638225
              ],
              [
                -596446.492085636,
                4320882.4071729295
              ],
              [
                -596380.813586068,
                4320949.95686008
              ],
              [
                -596367.4552471729,
                4320952.713999133
              ],
              [
                -596302.8899425127,
                4320941.685447143
              ],
              [
                -596295.0975781571,
                4320945.821152821
              ],
              [
                -596263.928120735,
                4321067.135889765
              ],
              [
                -596200.4760109829,
                4320999.58547057
              ],
              [
                -596198.249621167,
                4321003.721198393
              ],
              [
                -596131.4579266909,
                4320933.414040536
              ],
              [
                -596100.2884692689,
                4320963.742562368
              ],
              [
                -596170.4197484687,
                4321039.564239122
              ],
              [
                -596174.8725281004,
                4321045.078563625
              ],
              [
                -596172.6461382846,
                4321047.835726933
              ],
              [
                -596095.8356896372,
                4320963.742562368
              ],
              [
                -596131.4579266909,
                4320929.278339605
              ],
              [
                -596199.3628160749,
                4320999.58547057
              ],
              [
                -596036.8363595167,
                4320828.643437815
              ],
              [
                -596019.0252409898,
                4320807.965149334
              ],
              [
                -596016.798851174,
                4320788.665449097
              ],
              [
                -596023.4780206215,
                4320777.637064425
              ],
              [
                -596042.4023340564,
                4320754.201784349
              ],
              [
                -596042.4023340564,
                4320745.930521155
              ],
              [
                -596030.1571900691,
                4320733.523638225
              ],
              [
                -595984.516198844,
                4320703.195762104
              ],
              [
                -595973.3842497646,
                4320694.924537925
              ],
              [
                -596024.5912155295,
                4320672.867971045
              ],
              [
                -596106.9676387166,
                4320632.890558243
              ],
              [
                -596120.3259776117,
                4320625.9979158025
              ],
              [
                -596123.6655623355,
                4320621.8623324465
              ],
              [
                -596123.6655623355,
                4320610.834117895
              ],
              [
                -596101.4016641768,
                4320508.823666488
              ],
              [
                -596100.2884692689,
                4320492.281521802
              ],
              [
                -596101.4016641768,
                4320472.982384986
              ],
              [
                -596112.5336132562,
                4320430.248704607
              ],
              [
                -596135.9107063228,
                4320370.973233981
              ],
              [
                -596152.6086299417,
                4320340.646374652
              ],
              [
                -596165.966968837,
                4320304.80565055
              ],
              [
                -596186.0044771797,
                4320231.746080821
              ],
              [
                -596216.0607396939,
                4320085.6284220945
              ],
              [
                -596226.0794938653,
                4320055.302362961
              ],
              [
                -596214.9475447859,
                4320011.191883301
              ],
              [
                -596174.8725281004,
                4319957.432479473
              ],
              [
                -596170.4197484687,
                4319947.783383996
              ],
              [
                -596168.1933586529,
                4319931.242097494
              ],
              [
                -596169.3065535608,
                4319921.5930253845
              ],
              [
                -596172.6461382846,
                4319910.565524944
              ],
              [
                -596220.5135193256,
                4319807.183255157
              ],
              [
                -596224.9662989574,
                4319783.75007806
              ],
              [
                -596220.5135193256,
                4319761.695369526
              ],
              [
                -596172.6461382846,
                4319621.097659879
              ],
              [
                -596122.5523674276,
                4319519.096543942
              ],
              [
                -596108.0808336245,
                4319483.258542391
              ],
              [
                -596089.1565201896,
                4319418.474764016
              ],
              [
                -596016.798851174,
                4319215.855664048
              ],
              [
                -596005.6669020946,
                4319112.48003453
              ],
              [
                -596000.1009275549,
                4319091.805027188
              ],
              [
                -595993.4217581074,
                4319079.400041752
              ],
              [
                -595986.7425886597,
                4319066.995070542
              ],
              [
                -595980.0634192122,
                4319061.481754571
              ],
              [
                -595972.2710548567,
                4319058.7250976395
              ],
              [
                -595963.3654955932,
                4319061.481754571
              ],
              [
                -595933.3092330791,
                4319076.643380254
              ],
              [
                -595876.5362927745,
                4319115.236705163
              ],
              [
                -595864.2911487871,
                4319112.48003453
              ],
              [
                -595858.7251742475,
                4319100.075025383
              ],
              [
                -595860.9515640634,
                4319091.805027188
              ],
              [
                -595876.5362927745,
                4319060.103426018
              ],
              [
                -595886.5550469458,
                4319046.320150142
              ],
              [
                -595897.6869960251,
                4319021.510297826
              ],
              [
                -595899.9133858411,
                4319003.592106544
              ],
              [
                -595897.6869960251,
                4318959.485916002
              ],
              [
                -595895.4606062092,
                4318931.919638242
              ],
              [
                -595889.8946316696,
                4318863.004251199
              ],
              [
                -595880.9890724062,
                4318817.520336272
              ],
              [
                -595875.4230978665,
                4318785.819538971
              ],
              [
                -595858.7251742475,
                4318681.069739013
              ],
              [
                -595852.0460048,
                4318646.612789691
              ],
              [
                -595838.6876659048,
                4318584.590557504
              ],
              [
                -595809.7445982985,
                4318467.438422501
              ],
              [
                -595806.4050135746,
                4318452.277650692
              ],
              [
                -595785.254310324,
                4318362.691705545
              ],
              [
                -595781.9147256003,
                4318337.883421137
              ],
              [
                -595777.4619459684,
                4318293.779944887
              ],
              [
                -595777.4619459684,
                4318178.00917521
              ],
              [
                -595780.8015306923,
                4318139.419193969
              ],
              [
                -595787.4807001399,
                4318113.233213669
              ],
              [
                -595796.3862594033,
                4318095.3165268265
              ],
              [
                -595826.4425219174,
                4318056.726840561
              ],
              [
                -595842.0272506286,
                4318023.650076181
              ],
              [
                -595846.4800302603,
                4318004.355343661
              ],
              [
                -595854.2723946158,
                4317987.81702889
              ],
              [
                -595862.0647589712,
                4317974.035119229
              ],
              [
                -595873.1967080507,
                4317961.631415546
              ],
              [
                -595970.0446650408,
                4317869.293179561
              ],
              [
                -595980.0634192122,
                4317851.376896711
              ],
              [
                -595983.403003936,
                4317836.216988243
              ],
              [
                -595981.1766141201,
                4317816.922590004
              ],
              [
                -595973.3842497646,
                4317799.006393882
              ],
              [
                -595966.705080317,
                4317782.468393025
              ],
              [
                -595962.2523006853,
                4317756.283276704
              ],
              [
                -595963.3654955932,
                4317724.585589112
              ],
              [
                -595960.0259108694,
                4317688.753532357
              ],
              [
                -595960.0259108694,
                4317661.190492529
              ],
              [
                -595963.3654955932,
                4317629.493083542
              ],
              [
                -595962.2523006853,
                4317586.770635751
              ],
              [
                -595958.9127159615,
                4317564.720406124
              ],
              [
                -595953.3467414217,
                4317550.939035429
              ],
              [
                -595936.6488178028,
                4317538.535816811
              ],
              [
                -595893.2342163934,
                4317527.510745533
              ],
              [
                -595876.5362927745,
                4317519.241949446
              ],
              [
                -595843.1404455365,
                4317501.326246273
              ],
              [
                -595829.7821066412,
                4317490.301212912
              ],
              [
                -595809.7445982985,
                4317480.654317938
              ],
              [
                -595790.8202848636,
                4317472.385557663
              ],
              [
                -595786.3675052319,
                4317468.251179894
              ],
              [
                -595773.0091663367,
                4317443.444946464
              ],
              [
                -595761.8772172573,
                4317414.504412678
              ],
              [
                -595744.0660987304,
                4317377.2952687
              ],
              [
                -595727.3681751115,
                4317337.3300343705
              ],
              [
                -595692.8591329656,
                4317269.802904907
              ],
              [
                -595656.1237010037,
                4317211.922843657
              ],
              [
                -595662.8028704514,
                4317196.763831162
              ],
              [
                -595656.1237010037,
                4317180.226750845
              ],
              [
                -595656.1237010037,
                4317174.714396356
              ],
              [
                -595659.4632857275,
                4317169.202044674
              ],
              [
                -595667.2556500831,
                4317165.067782756
              ],
              [
                -595702.8778871369,
                4317149.908835906
              ],
              [
                -595724.0285903875,
                4317147.152666033
              ],
              [
                -595734.047344559,
                4317137.506077008
              ],
              [
                -595742.9529038225,
                4317133.3718272
              ],
              [
                -595746.2924885462,
                4317129.237578973
              ],
              [
                -595749.63207327,
                4317115.456762959
              ],
              [
                -595755.1980478097,
                4317116.834843771
              ],
              [
                -595762.9904121653,
                4317109.9444414675
              ],
              [
                -595768.556386705,
                4317109.9444414675
              ],
              [
                -595771.8959714288,
                4317112.700601861
              ],
              [
                -595773.0091663367,
                4317116.834843771
              ],
              [
                -595785.254310324,
                4317126.4814143665
              ],
              [
                -595787.4807001399,
                4317123.725250462
              ],
              [
                -595798.6126492191,
                4317125.103332326
              ],
              [
                -595800.839039035,
                4317129.237578973
              ],
              [
                -595798.6126492191,
                4317131.993744283
              ],
              [
                -595801.9522339429,
                4317133.3718272
              ],
              [
                -595803.0654288509,
                4317137.506077008
              ],
              [
                -595809.7445982985,
                4317133.3718272
              ],
              [
                -595817.536962654,
                4317144.396496863
              ],
              [
                -595824.2161321016,
                4317136.127993562
              ],
              [
                -595838.6876659048,
                4317143.01841254
              ],
              [
                -595840.9140557206,
                4317151.286921106
              ],
              [
                -595837.5744709969,
                4317156.79926366
              ],
              [
                -595836.4612760888,
                4317169.202044674
              ],
              [
                -595840.9140557206,
                4317176.092484715
              ],
              [
                -595837.5744709969,
                4317185.7391081415
              ],
              [
                -595842.0272506286,
                4317188.495287844
              ],
              [
                -595843.1404455365,
                4317194.007649354
              ],
              [
                -595853.1591997079,
                4317194.007649354
              ],
              [
                -595855.3855895237,
                4317199.520013673
              ],
              [
                -595854.2723946158,
                4317207.788565416
              ],
              [
                -595843.1404455365,
                4317211.922843657
              ],
              [
                -595845.3668353524,
                4317218.813310904
              ],
              [
                -595849.8196149841,
                4317224.32568786
              ],
              [
                -595846.4800302603,
                4317231.216163005
              ],
              [
                -595863.1779538792,
                4317233.972354291
              ],
              [
                -595886.5550469458,
                4317249.131418916
              ],
              [
                -595894.3474113013,
                4317257.400008573
              ],
              [
                -595897.6869960251,
                4317267.0467044925
              ],
              [
                -595907.7057501966,
                4317273.937206845
              ],
              [
                -595921.0640890917,
                4317279.449611885
              ],
              [
                -595926.6300636315,
                4317287.71822471
              ],
              [
                -595939.9884025266,
                4317294.608740227
              ],
              [
                -595941.1015974346,
                4317297.364947662
              ],
              [
                -595944.4411821583,
                4317297.364947662
              ],
              [
                -595950.0071566979,
                4317301.49926013
              ],
              [
                -595953.3467414217,
                4317300.121155798
              ],
              [
                -595957.7995210534,
                4317305.63357418
              ],
              [
                -595958.9127159615,
                4317309.767889808
              ],
              [
                -595968.9314701329,
                4317313.902207016
              ],
              [
                -595971.1578599487,
                4317320.792739208
              ],
              [
                -595976.7238344884,
                4317322.170846172
              ],
              [
                -595981.1766141201,
                4317329.06138363
              ],
              [
                -595988.9689784757,
                4317333.19570821
              ],
              [
                -595990.0821733836,
                4317338.708143442
              ],
              [
                -595995.6481479232,
                4317344.220581481
              ],
              [
                -595994.5349530153,
                4317353.86735481
              ],
              [
                -595991.1953682916,
                4317352.489243807
              ],
              [
                -595986.7425886597,
                4317356.62357734
              ],
              [
                -595980.0634192122,
                4317355.245465986
              ],
              [
                -595973.3842497646,
                4317345.59869143
              ],
              [
                -595951.1203516058,
                4317327.683275786
              ],
              [
                -595947.7807668821,
                4317331.81759984
              ],
              [
                -595951.1203516058,
                4317327.683275786
              ],
              [
                -595947.7807668821,
                4317326.30516812
              ],
              [
                -595944.4411821583,
                4317330.439491646
              ],
              [
                -595947.7807668821,
                4317324.927060629
              ],
              [
                -595944.4411821583,
                4317323.548953313
              ],
              [
                -595941.1015974346,
                4317327.683275786
              ],
              [
                -595944.4411821583,
                4317322.170846172
              ],
              [
                -595941.1015974346,
                4317320.792739208
              ],
              [
                -595937.7620127107,
                4317324.927060629
              ],
              [
                -595941.1015974346,
                4317319.414632418
              ],
              [
                -595937.7620127107,
                4317318.0365258055
              ],
              [
                -595934.422427987,
                4317322.170846172
              ],
              [
                -595937.7620127107,
                4317316.658419367
              ],
              [
                -595934.422427987,
                4317315.280313103
              ],
              [
                -595929.9696483552,
                4317319.414632418
              ],
              [
                -595933.3092330791,
                4317315.280313103
              ],
              [
                -595931.0828432632,
                4317312.524101104
              ],
              [
                -595926.6300636315,
                4317316.658419367
              ],
              [
                -595929.9696483552,
                4317312.524101104
              ],
              [
                -595927.7432585392,
                4317309.767889808
              ],
              [
                -595923.2904789076,
                4317313.902207016
              ],
              [
                -595926.6300636315,
                4317309.767889808
              ],
              [
                -595924.4036738155,
                4317307.0116792135
              ],
              [
                -595919.950894184,
                4317311.145995369
              ],
              [
                -595923.2904789076,
                4317307.0116792135
              ],
              [
                -595921.0640890917,
                4317304.255469321
              ],
              [
                -595916.61130946,
                4317308.389784423
              ],
              [
                -595919.950894184,
                4317304.255469321
              ],
              [
                -595917.724504368,
                4317301.49926013
              ],
              [
                -595914.3849196441,
                4317305.63357418
              ],
              [
                -595915.4981145521,
                4317308.389784423
              ],
              [
                -595913.2717247362,
                4317307.0116792135
              ],
              [
                -595916.61130946,
                4317301.49926013
              ],
              [
                -595914.3849196441,
                4317300.121155798
              ],
              [
                -595909.9321400125,
                4317304.255469321
              ],
              [
                -595913.2717247362,
                4317298.7430516435
              ],
              [
                -595911.0453349204,
                4317297.364947662
              ],
              [
                -595907.7057501966,
                4317304.255469321
              ],
              [
                -595909.9321400125,
                4317295.986843857
              ],
              [
                -595905.4793603807,
                4317297.364947662
              ],
              [
                -595905.4793603807,
                4317302.877364638
              ],
              [
                -595905.4793603807,
                4317297.364947662
              ],
              [
                -595902.1397756569,
                4317297.364947662
              ],
              [
                -595902.1397756569,
                4317302.877364638
              ],
              [
                -595901.026580749,
                4317297.364947662
              ],
              [
                -595897.6869960251,
                4317298.7430516435
              ],
              [
                -595898.800190933,
                4317302.877364638
              ],
              [
                -595897.6869960251,
                4317298.7430516435
              ],
              [
                -595893.2342163934,
                4317298.7430516435
              ],
              [
                -595894.3474113013,
                4317304.255469321
              ],
              [
                -595893.2342163934,
                4317300.121155798
              ],
              [
                -595889.8946316696,
                4317300.121155798
              ],
              [
                -595889.8946316696,
                4317304.255469321
              ],
              [
                -595888.7814367617,
                4317300.121155798
              ],
              [
                -595885.4418520378,
                4317301.49926013
              ],
              [
                -595886.5550469458,
                4317305.63357418
              ],
              [
                -595884.3286571299,
                4317301.49926013
              ],
              [
                -595880.9890724062,
                4317301.49926013
              ],
              [
                -595882.1022673141,
                4317305.63357418
              ],
              [
                -595880.9890724062,
                4317301.49926013
              ],
              [
                -595877.6494876823,
                4317302.877364638
              ],
              [
                -595877.6494876823,
                4317307.0116792135
              ],
              [
                -595876.5362927745,
                4317302.877364638
              ],
              [
                -595873.1967080507,
                4317302.877364638
              ],
              [
                -595873.1967080507,
                4317307.0116792135
              ],
              [
                -595873.1967080507,
                4317304.255469321
              ],
              [
                -595868.743928419,
                4317304.255469321
              ],
              [
                -595869.8571233267,
                4317308.389784423
              ],
              [
                -595868.743928419,
                4317304.255469321
              ],
              [
                -595865.4043436951,
                4317305.63357418
              ],
              [
                -595865.4043436951,
                4317309.767889808
              ],
              [
                -595860.9515640634,
                4317309.767889808
              ],
              [
                -595859.8383691554,
                4317305.63357418
              ],
              [
                -595856.4987844316,
                4317307.0116792135
              ],
              [
                -595856.4987844316,
                4317311.145995369
              ],
              [
                -595856.4987844316,
                4317307.0116792135
              ],
              [
                -595853.1591997079,
                4317307.0116792135
              ],
              [
                -595853.1591997079,
                4317311.145995369
              ],
              [
                -595852.0460048,
                4317307.0116792135
              ],
              [
                -595848.7064200761,
                4317308.389784423
              ],
              [
                -595848.7064200761,
                4317312.524101104
              ],
              [
                -595847.5932251683,
                4317308.389784423
              ],
              [
                -595845.3668353524,
                4317312.524101104
              ],
              [
                -595826.4425219174,
                4317362.136024508
              ],
              [
                -595834.234886273,
                4317363.514136739
              ],
              [
                -595832.0084964571,
                4317363.514136739
              ],
              [
                -595829.7821066412,
                4317371.78281381
              ],
              [
                -595824.2161321016,
                4317370.404700526
              ],
              [
                -595823.1029371936,
                4317373.16092727
              ],
              [
                -595815.3105728381,
                4317377.2952687
              ],
              [
                -595809.7445982985,
                4317378.673382863
              ],
              [
                -595828.6689117333,
                4317447.579314753
              ],
              [
                -595840.9140557206,
                4317453.091808261
              ],
              [
                -595857.6119793396,
                4317465.494928927
              ],
              [
                -595870.9703182348,
                4317486.166828298
              ],
              [
                -595885.4418520378,
                4317495.813728189
              ],
              [
                -595887.6682418537,
                4317502.704376235
              ],
              [
                -595929.9696483552,
                4317499.94811649
              ],
              [
                -595934.422427987,
                4317495.813728189
              ],
              [
                -595941.1015974346,
                4317494.435599106
              ],
              [
                -595944.4411821583,
                4317491.679341468
              ],
              [
                -595944.4411821583,
                4317488.923084532
              ],
              [
                -595938.8752076187,
                4317482.032445264
              ],
              [
                -595941.1015974346,
                4317475.1418103855
              ],
              [
                -595944.4411821583,
                4317473.763683936
              ],
              [
                -595950.0071566979,
                4317476.51993701
              ],
              [
                -595951.1203516058,
                4317486.166828298
              ],
              [
                -595955.5731312376,
                4317484.788700445
              ],
              [
                -595960.0259108694,
                4317487.544956327
              ],
              [
                -595965.5918854091,
                4317477.898063811
              ],
              [
                -595962.2523006853,
                4317473.763683936
              ],
              [
                -595963.3654955932,
                4317468.251179894
              ],
              [
                -595968.9314701329,
                4317469.629305641
              ],
              [
                -595968.9314701329,
                4317473.763683936
              ],
              [
                -595973.3842497646,
                4317473.763683936
              ],
              [
                -595974.4974446725,
                4317476.51993701
              ],
              [
                -595974.4974446725,
                4317473.763683936
              ],
              [
                -595981.1766141201,
                4317469.629305641
              ],
              [
                -595982.289809028,
                4317465.494928927
              ],
              [
                -595990.0821733836,
                4317468.251179894
              ],
              [
                -596000.1009275549,
                4317466.873054323
              ],
              [
                -596002.3273173708,
                4317459.982429099
              ],
              [
                -596005.6669020946,
                4317455.84805607
              ],
              [
                -596007.8932919104,
                4317457.226180237
              ],
              [
                -596005.6669020946,
                4317462.738678662
              ],
              [
                -596009.0064868184,
                4317458.604304579
              ],
              [
                -596020.1384358978,
                4317457.226180237
              ],
              [
                -596024.5912155295,
                4317458.604304579
              ],
              [
                -596029.0439951612,
                4317472.385557663
              ],
              [
                -596027.9308002533,
                4317479.276190787
              ],
              [
                -596024.5912155295,
                4317480.654317938
              ],
              [
                -596030.1571900691,
                4317484.788700445
              ],
              [
                -596033.496774793,
                4317493.0574702
              ],
              [
                -596050.194698412,
                4317508.21689783
              ],
              [
                -596050.194698412,
                4317520.620081689
              ],
              [
                -596057.9870627674,
                4317526.132612414
              ],
              [
                -596056.8738678596,
                4317535.779547938
              ],
              [
                -596040.1759442406,
                4317545.426492065
              ],
              [
                -596041.2891391485,
                4317548.182763395
              ],
              [
                -596046.8551136882,
                4317553.695308163
              ],
              [
                -596044.6287238722,
                4317564.720406124
              ],
              [
                -596050.194698412,
                4317570.232959318
              ],
              [
                -596049.0815035041,
                4317586.770635751
              ],
              [
                -596054.6474780437,
                4317596.417625344
              ],
              [
                -596061.3266474913,
                4317601.930194689
              ],
              [
                -596063.5530373071,
                4317601.930194689
              ],
              [
                -596064.6662322151,
                4317597.795767419
              ],
              [
                -596069.1190118468,
                4317597.795767419
              ],
              [
                -596069.1190118468,
                4317606.064623539
              ],
              [
                -596073.5717914784,
                4317614.333485982
              ],
              [
                -596083.5905456499,
                4317621.224209513
              ],
              [
                -596079.1377660182,
                4317623.980500152
              ],
              [
                -596075.7981812943,
                4317633.627522925
              ],
              [
                -596071.3454016626,
                4317639.140111228
              ],
              [
                -596076.9113762024,
                4317646.030850558
              ],
              [
                -596073.5717914784,
                4317655.677892991
              ],
              [
                -596073.5717914784,
                4317658.434192411
              ],
              [
                -596078.0245711103,
                4317668.081245903
              ],
              [
                -596083.5905456499,
                4317672.215700034
              ],
              [
                -596081.364155834,
                4317676.350155745
              ],
              [
                -596093.6092998213,
                4317691.509840201
              ],
              [
                -596119.2127827038,
                4317714.938485233
              ],
              [
                -596135.9107063228,
                4317724.585589112
              ],
              [
                -596137.0239012308,
                4317728.720064835
              ],
              [
                -596134.7975114149,
                4317736.989021022
              ],
              [
                -596138.1370961386,
                4317753.526952357
              ],
              [
                -596145.9294604941,
                4317763.174090643
              ],
              [
                -596149.2690452179,
                4317776.955731691
              ],
              [
                -596157.0614095734,
                4317785.224724745
              ],
              [
                -596162.6273841131,
                4317786.60289087
              ],
              [
                -596160.4009942972,
                4317790.737390294
              ],
              [
                -596162.6273841131,
                4317793.493724119
              ],
              [
                -596172.6461382846,
                4317799.006393882
              ],
              [
                -596183.7780873639,
                4317801.762729816
              ],
              [
                -596186.0044771797,
                4317805.897235032
              ],
              [
                -596192.6836466274,
                4317808.653572721
              ],
              [
                -596202.7024007988,
                4317819.678930503
              ],
              [
                -596210.4947651542,
                4317821.057101015
              ],
              [
                -596211.6079600621,
                4317815.544420019
              ],
              [
                -596213.834349878,
                4317823.813442569
              ],
              [
                -596219.4003244176,
                4317825.191613607
              ],
              [
                -596230.5322734971,
                4317837.5951608615
              ],
              [
                -596238.3246378526,
                4317843.107853094
              ],
              [
                -596238.3246378526,
                4317847.242374112
              ],
              [
                -596249.456586932,
                4317859.645946648
              ],
              [
                -596253.9093665635,
                4317873.427710587
              ],
              [
                -596265.041315643,
                4317883.07495579
              ],
              [
                -596270.6072901826,
                4317889.96585049
              ],
              [
                -596276.1732647222,
                4317892.722209598
              ],
              [
                -596286.1920188937,
                4317913.394925296
              ],
              [
                -596289.5316036175,
                4317916.151290374
              ],
              [
                -596289.5316036175,
                4317920.285839306
              ],
              [
                -596300.6635526968,
                4317928.554941914
              ],
              [
                -596305.1163323285,
                4317934.067680495
              ],
              [
                -596310.6823068683,
                4317943.714979775
              ],
              [
                -596312.908696684,
                4317943.714979775
              ],
              [
                -596316.2482814079,
                4317947.849539242
              ],
              [
                -596319.5878661317,
                4317957.49685081
              ],
              [
                -596324.0406457634,
                4317957.49685081
              ],
              [
                -596321.8142559475,
                4317960.253227123
              ],
              [
                -596332.9462050269,
                4317969.9005497545
              ],
              [
                -596342.9649591981,
                4317986.438837135
              ],
              [
                -596364.115662449,
                4317990.57341293
              ],
              [
                -596394.1719249631,
                4318011.24631561
              ],
              [
                -596400.8510944108,
                4318023.650076181
              ],
              [
                -596399.7378995027,
                4318026.40646935
              ],
              [
                -596404.1906791346,
                4318034.67565307
              ],
              [
                -596407.5302638583,
                4318036.053850972
              ],
              [
                -596410.8698485821,
                4318052.592239483
              ],
              [
                -596422.0017976614,
                4318073.265260676
              ],
              [
                -596469.8691787026,
                4318135.284561289
              ],
              [
                -596473.2087634263,
                4318132.528140377
              ],
              [
                -596473.2087634263,
                4318135.284561289
              ],
              [
                -596485.4539074136,
                4318142.175616636
              ],
              [
                -596486.5671023215,
                4318144.932040004
              ],
              [
                -596483.2275175977,
                4318147.688464076
              ],
              [
                -596491.0198819533,
                4318153.2013143245
              ],
              [
                -596489.9066870454,
                4318162.84880902
              ],
              [
                -596505.4914157565,
                4318179.387391371
              ],
              [
                -596507.7178055724,
                4318189.03490942
              ],
              [
                -596515.5101699278,
                4318194.547780739
              ],
              [
                -596533.3212884547,
                4318216.599294107
              ],
              [
                -596531.0948986389,
                4318220.73395787
              ],
              [
                -596537.7740680864,
                4318227.625067649
              ],
              [
                -596544.453237534,
                4318230.381512791
              ],
              [
                -596543.3400426261,
                4318234.516181818
              ],
              [
                -596546.6796273498,
                4318238.650852428
              ],
              [
                -596551.1324069817,
                4318237.272628717
              ],
              [
                -596555.5851866134,
                4318248.298423328
              ],
              [
                -596563.377550969,
                4318249.676648445
              ],
              [
                -596568.9435255086,
                4318256.567776661
              ],
              [
                -596568.9435255086,
                4318259.324229177
              ],
              [
                -596576.7358898642,
                4318264.837136316
              ],
              [
                -596580.0754745879,
                4318274.484730569
              ],
              [
                -596584.5282542197,
                4318277.24118765
              ],
              [
                -596592.3206185752,
                4318289.6452532085
              ],
              [
                -596597.8865931148,
                4318292.401714153
              ],
              [
                -596598.9997880228,
                4318297.914638149
              ],
              [
                -596596.7733982069,
                4318303.427564953
              ],
              [
                -596597.8865931148,
                4318306.184029409
              ],
              [
                -596605.6789574703,
                4318315.831660536
              ],
              [
                -596615.6977116418,
                4318317.209894257
              ],
              [
                -596610.131737102,
                4318318.588128153
              ],
              [
                -596611.24493201,
                4318324.101065494
              ],
              [
                -596634.6220250766,
                4318353.044032626
              ],
              [
                -596637.9616098003,
                4318353.044032626
              ],
              [
                -596641.3011945243,
                4318357.178748538
              ],
              [
                -596641.3011945243,
                4318362.691705545
              ],
              [
                -596646.8671690639,
                4318368.204665361
              ],
              [
                -596647.9803639718,
                4318370.961146324
              ],
              [
                -596655.7727283273,
                4318380.608835222
              ],
              [
                -596656.8859232353,
                4318383.365319344
              ],
              [
                -596659.1123130512,
                4318384.743561669
              ],
              [
                -596666.9046774068,
                4318398.525994575
              ],
              [
                -596674.6970417621,
                4318408.173708057
              ],
              [
                -596679.1498213939,
                4318408.173708057
              ],
              [
                -596679.1498213939,
                4318410.930199203
              ],
              [
                -596676.923431578,
                4318410.930199203
              ],
              [
                -596682.4894061177,
                4318413.686691052
              ],
              [
                -596681.3762112098,
                4318417.821430143
              ],
              [
                -596686.9421857494,
                4318426.090913065
              ],
              [
                -596691.3949653812,
                4318426.090913065
              ],
              [
                -596690.2817704732,
                4318428.847408777
              ],
              [
                -596692.5081602891,
                4318434.36040231
              ],
              [
                -596696.9609399209,
                4318435.738651131
              ],
              [
                -596702.5269144606,
                4318444.008147751
              ],
              [
                -596712.5456686319,
                4318453.655901795
              ],
              [
                -596711.432473724,
                4318456.412404533
              ],
              [
                -596718.1116431715,
                4318463.303664446
              ],
              [
                -596718.1116431715,
                4318467.438422501
              ],
              [
                -596721.4512278953,
                4318468.816675539
              ],
              [
                -596733.6963718826,
                4318488.112236485
              ],
              [
                -596739.2623464223,
                4318485.355725671
              ],
              [
                -596738.1491515144,
                4318493.625260222
              ],
              [
                -596741.4887362381,
                4318493.625260222
              ],
              [
                -596742.601931146,
                4318499.1382867675
              ],
              [
                -596748.1679056857,
                4318501.894801093
              ],
              [
                -596749.2811005936,
                4318506.029573898
              ],
              [
                -596751.5074904095,
                4318504.651316121
              ],
              [
                -596752.6206853174,
                4318510.164348285
              ],
              [
                -596751.5074904095,
                4318511.542606765
              ],
              [
                -596757.0734649493,
                4318515.677383259
              ],
              [
                -596755.9602700413,
                4318517.055642442
              ],
              [
                -596757.0734649493,
                4318518.4339018
              ],
              [
                -596760.4130496731,
                4318519.812161333
              ],
              [
                -596762.6394394889,
                4318525.325201225
              ],
              [
                -596773.7713885682,
                4318534.973027795
              ],
              [
                -596777.110973292,
                4318534.973027795
              ],
              [
                -596778.2241681999,
                4318540.486075412
              ],
              [
                -596775.997778384,
                4318541.864337756
              ],
              [
                -596780.4505580158,
                4318548.755652108
              ],
              [
                -596783.7901427395,
                4318548.755652108
              ],
              [
                -596782.6769478318,
                4318552.890442825
              ],
              [
                -596787.1297274635,
                4318554.268706749
              ],
              [
                -596787.1297274635,
                4318558.403499574
              ],
              [
                -596791.5825070951,
                4318559.781764201
              ],
              [
                -596789.3561172793,
                4318561.160029003
              ],
              [
                -596816.0727950697,
                4318596.994975492
              ],
              [
                -596822.7519645173,
                4318599.751514755
              ],
              [
                -596822.7519645173,
                4318605.2645953875
              ],
              [
                -596829.4311339649,
                4318613.534221604
              ],
              [
                -596845.015862676,
                4318628.695219422
              ],
              [
                -596860.600591387,
                4318649.369341599
              ],
              [
                -596867.2797608345,
                4318656.260724438
              ],
              [
                -596868.3929557425,
                4318663.152111668
              ],
              [
                -596871.7325404662,
                4318663.152111668
              ],
              [
                -596890.6568539012,
                4318685.204580308
              ],
              [
                -596890.6568539012,
                4318690.717704493
              ],
              [
                -596892.883243717,
                4318694.852549475
              ],
              [
                -596911.8075571519,
                4318712.770229328
              ],
              [
                -596914.0339469677,
                4318721.039937734
              ],
              [
                -596922.9395062312,
                4318732.066225441
              ],
              [
                -596926.279090955,
                4318732.066225441
              ],
              [
                -596941.8638196661,
                4318754.118834575
              ],
              [
                -596946.3165992978,
                4318755.497124139
              ],
              [
                -596950.7693789295,
                4318766.52344697
              ],
              [
                -596954.1089636533,
                4318769.280029434
              ],
              [
                -596952.9957687454,
                4318772.0366126
              ],
              [
                -596959.674938193,
                4318773.414904448
              ],
              [
                -596964.1277178248,
                4318780.306366316
              ],
              [
                -596964.1277178248,
                4318787.197832574
              ],
              [
                -596967.4673025486,
                4318789.954420307
              ],
              [
                -596971.9200821802,
                4318789.954420307
              ],
              [
                -596975.2596669041,
                4318794.089303223
              ],
              [
                -596971.9200821802,
                4318798.224187721
              ],
              [
                -596973.0332770882,
                4318799.602482905
              ],
              [
                -596977.4860567199,
                4318800.980778263
              ],
              [
                -596978.5992516279,
                4318806.493961455
              ],
              [
                -596987.5048108912,
                4318812.007147458
              ],
              [
                -596993.070785431,
                4318823.033527895
              ],
              [
                -596996.4103701548,
                4318825.79012476
              ],
              [
                -596997.5235650627,
                4318829.925021375
              ],
              [
                -597007.5423192341,
                4318838.194819347
              ],
              [
                -597016.4478784975,
                4318851.977830017
              ],
              [
                -597022.0138530373,
                4318854.734434257
              ],
              [
                -597020.9006581292,
                4318858.869341938
              ],
              [
                -597026.466632669,
                4318861.6259479355
              ],
              [
                -597027.5798275769,
                4318865.760858249
              ],
              [
                -597032.0326072086,
                4318868.517466003
              ],
              [
                -597033.1458021166,
                4318874.03068362
              ],
              [
                -597039.8249715641,
                4318878.165598675
              ],
              [
                -597042.05136138,
                4318885.057127281
              ],
              [
                -597045.3909461037,
                4318887.813739954
              ],
              [
                -597059.8624799069,
                4318908.488357383
              ],
              [
                -597066.5416493546,
                4318914.0015953705
              ],
              [
                -597066.5416493546,
                4318916.75821542
              ],
              [
                -597084.3527678815,
                4318942.946140916
              ],
              [
                -597098.8243016846,
                4318963.620863724
              ],
              [
                -597101.0506915005,
                4318962.2425476415
              ],
              [
                -597104.3902762242,
                4318964.999179984
              ],
              [
                -597102.1638864084,
                4318967.755813029
              ],
              [
                -597105.5034711321,
                4318971.890763913
              ],
              [
                -597108.8430558561,
                4318971.890763913
              ],
              [
                -597107.729860948,
                4318974.647398716
              ],
              [
                -597113.2958354877,
                4318981.538988791
              ],
              [
                -597116.6354202116,
                4318981.538988791
              ],
              [
                -597118.8618100274,
                4318982.917307334
              ],
              [
                -597117.7486151194,
                4318985.673944945
              ],
              [
                -597122.2013947512,
                4318989.80890268
              ],
              [
                -597122.2013947512,
                4318993.943861995
              ],
              [
                -597127.7673692908,
                4318998.078822891
              ],
              [
                -597131.1069540146,
                4318998.078822891
              ],
              [
                -597132.2201489225,
                4319000.835464367
              ],
              [
                -597134.4465387384,
                4318999.457143541
              ],
              [
                -597136.6729285542,
                4319009.105393007
              ],
              [
                -597140.012513278,
                4319009.105393007
              ],
              [
                -597138.89931837,
                4319010.483715063
              ],
              [
                -597138.89931837,
                4319014.618682283
              ],
              [
                -597143.3520980019,
                4319015.997005039
              ],
              [
                -597146.6916827257,
                4319021.510297826
              ],
              [
                -597150.0312674495,
                4319025.64526926
              ],
              [
                -597150.0312674495,
                4319027.023593423
              ],
              [
                -597156.7104368971,
                4319035.293542087
              ],
              [
                -597157.823631805,
                4319043.563497074
              ],
              [
                -597154.4840470812,
                4319047.6984769385
              ],
              [
                -597155.5972419892,
                4319057.346769437
              ],
              [
                -597153.3708521733,
                4319064.238412205
              ],
              [
                -597148.9180725415,
                4319069.7517295815
              ],
              [
                -597142.238903094,
                4319073.886719458
              ],
              [
                -597129.9937591067,
                4319073.886719458
              ],
              [
                -597123.3145896591,
                4319071.130059363
              ],
              [
                -597117.7486151194,
                4319065.616741286
              ],
              [
                -597106.6166660402,
                4319050.45513106
              ],
              [
                -597108.8430558561,
                4319049.0768039115
              ],
              [
                -597104.3902762242,
                4319043.563497074
              ],
              [
                -597105.5034711321,
                4319042.185170804
              ],
              [
                -597093.258327145,
                4319029.780242275
              ],
              [
                -597022.0138530373,
                4318936.054575428
              ],
              [
                -597019.7874632213,
                4318937.432888174
              ],
              [
                -597011.9950988658,
                4318927.784702637
              ],
              [
                -597014.2214886816,
                4318926.4063911205
              ],
              [
                -597007.5423192341,
                4318918.136525708
              ],
              [
                -597005.3159294182,
                4318919.51483617
              ],
              [
                -596997.5235650627,
                4318909.866666617
              ],
              [
                -596999.7499548786,
                4318908.488357383
              ],
              [
                -596991.9575905231,
                4318897.461889836
              ],
              [
                -596989.7312007071,
                4318898.840197665
              ],
              [
                -596981.9388363516,
                4318887.813739954
              ],
              [
                -596984.1652261675,
                4318886.435433528
              ],
              [
                -596978.5992516279,
                4318880.922209591
              ],
              [
                -596976.372861812,
                4318882.300515312
              ],
              [
                -596968.5804974565,
                4318871.27407446
              ],
              [
                -596970.8068872724,
                4318869.895770145
              ],
              [
                -596896.2228284408,
                4318772.0366126
              ],
              [
                -596897.3360233488,
                4318770.658320929
              ],
              [
                -596895.1096335329,
                4318766.52344697
              ],
              [
                -596893.9964386249,
                4318767.901738116
              ],
              [
                -596839.4498881364,
                4318697.609113675
              ],
              [
                -596824.9783543331,
                4318676.9348992985
              ],
              [
                -596823.8651594252,
                4318676.9348992985
              ],
              [
                -596802.7144561745,
                4318650.747617815
              ],
              [
                -596800.4880663586,
                4318652.125894207
              ],
              [
                -596792.6957020031,
                4318642.477963149
              ],
              [
                -596794.922091819,
                4318639.721412999
              ],
              [
                -596792.6957020031,
                4318641.099687986
              ],
              [
                -596784.9033376476,
                4318631.451766763
              ],
              [
                -596787.1297274635,
                4318630.073493004
              ],
              [
                -596771.5449987524,
                4318614.912493255
              ],
              [
                -596773.7713885682,
                4318613.534221604
              ],
              [
                -596759.2998547651,
                4318592.860167917
              ],
              [
                -596760.4130496731,
                4318591.481899075
              ],
              [
                -596757.0734649493,
                4318587.347093605
              ],
              [
                -596755.9602700413,
                4318588.725361921
              ],
              [
                -596690.2817704732,
                4318503.273058518
              ],
              [
                -596691.3949653812,
                4318501.894801093
              ],
              [
                -596689.1685755653,
                4318499.1382867675
              ],
              [
                -596688.0553806574,
                4318500.516543841
              ],
              [
                -596680.2630163019,
                4318490.868748002
              ],
              [
                -596598.9997880228,
                4318383.365319344
              ],
              [
                -596596.7733982069,
                4318383.365319344
              ],
              [
                -596594.5470083911,
                4318380.608835222
              ],
              [
                -596595.6602032989,
                4318379.230593425
              ],
              [
                -596585.6414491276,
                4318365.448185101
              ],
              [
                -596583.4150593118,
                4318366.826425144
              ],
              [
                -596581.1886694959,
                4318364.069945235
              ],
              [
                -596583.4150593118,
                4318362.691705545
              ],
              [
                -596572.2831102324,
                4318348.909318293
              ],
              [
                -596570.0567204165,
                4318348.909318293
              ],
              [
                -596567.8303306007,
                4318346.152842951
              ],
              [
                -596570.0567204165,
                4318344.774605544
              ],
              [
                -596558.9247713372,
                4318330.992241119
              ],
              [
                -596557.8115764293,
                4318332.370476774
              ],
              [
                -596555.5851866134,
                4318329.614005644
              ],
              [
                -596556.6983815213,
                4318328.235770344
              ],
              [
                -596547.7928222578,
                4318317.209894257
              ],
              [
                -596546.6796273498,
                4318318.588128153
              ],
              [
                -596540.0004579023,
                4318308.940494567
              ],
              [
                -596540.0004579023,
                4318306.184029409
              ],
              [
                -596532.2080935468,
                4318296.536406886
              ],
              [
                -596531.0948986389,
                4318297.914638149
              ],
              [
                -596528.8685088231,
                4318295.158175799
              ],
              [
                -596529.9817037309,
                4318293.779944887
              ],
              [
                -596519.9629495596,
                4318279.997645434
              ],
              [
                -596517.7365597436,
                4318281.375874589
              ],
              [
                -596515.5101699278,
                4318277.24118765
              ],
              [
                -596516.6233648357,
                4318275.862959023
              ],
              [
                -596506.6046106644,
                4318262.080682396
              ],
              [
                -596504.3782208485,
                4318263.458909268
              ],
              [
                -596491.0198819533,
                4318241.407300378
              ],
              [
                -596486.5671023215,
                4318235.894405181
              ],
              [
                -596485.4539074136,
                4318237.272628717
              ],
              [
                -596483.2275175977,
                4318234.516181818
              ],
              [
                -596484.3407125057,
                4318233.137958635
              ],
              [
                -596466.5295939788,
                4318211.086411552
              ],
              [
                -596465.4163990708,
                4318211.086411552
              ],
              [
                -596463.1900092551,
                4318208.329971327
              ],
              [
                -596464.3032041629,
                4318206.951751478
              ],
              [
                -596453.1712550836,
                4318190.413126986
              ],
              [
                -596446.492085636,
                4318184.900257775
              ],
              [
                -596445.3788907281,
                4318186.278474813
              ],
              [
                -596443.1525009122,
                4318182.143824222
              ],
              [
                -596444.2656958201,
                4318180.765607708
              ],
              [
                -596427.5677722011,
                4318158.7141673835
              ],
              [
                -596425.3413823852,
                4318160.092381086
              ],
              [
                -596423.1149925694,
                4318157.335953854
              ],
              [
                -596424.2281874773,
                4318155.957740502
              ],
              [
                -596414.2094333059,
                4318142.175616636
              ],
              [
                -596413.096238398,
                4318142.175616636
              ],
              [
                -596409.7566536742,
                4318139.419193969
              ],
              [
                -596411.9830434901,
                4318138.0409829
              ],
              [
                -596400.8510944108,
                4318124.2588818595
              ],
              [
                -596399.7378995027,
                4318125.637091174
              ],
              [
                -596396.398314779,
                4318121.502463758
              ],
              [
                -596398.624704595,
                4318121.502463758
              ],
              [
                -596389.7191453314,
                4318110.476798377
              ],
              [
                -596388.6059504235,
                4318111.855005935
              ],
              [
                -596381.9267809759,
                4318102.207556714
              ],
              [
                -596383.0399758839,
                4318100.829350386
              ],
              [
                -596374.1344166204,
                4318089.803706074
              ],
              [
                -596373.0212217125,
                4318091.181910998
              ],
              [
                -596370.7948318966,
                4318087.047296752
              ],
              [
                -596371.9080268046,
                4318087.047296752
              ],
              [
                -596360.7760777252,
                4318073.265260676
              ],
              [
                -596359.6628828172,
                4318073.265260676
              ],
              [
                -596357.4364930014,
                4318070.508855568
              ],
              [
                -596358.5496879093,
                4318069.130653277
              ],
              [
                -596348.5309337379,
                4318055.348640026
              ],
              [
                -596346.3045439221,
                4318056.726840561
              ],
              [
                -596344.0781541062,
                4318053.970439666
              ],
              [
                -596345.191349014,
                4318052.592239483
              ],
              [
                -596321.8142559475,
                4318020.893683714
              ],
              [
                -596320.7010610396,
                4318022.271879859
              ],
              [
                -596318.4746712238,
                4318018.137291948
              ],
              [
                -596319.5878661317,
                4318016.75909633
              ],
              [
                -596295.0975781571,
                4317985.060645554
              ],
              [
                -596271.7204850905,
                4318001.59895611
              ],
              [
                -596270.6072901826,
                4318000.220762598
              ],
              [
                -596268.3809003667,
                4318002.977149799
              ],
              [
                -596269.4940952746,
                4318004.355343661
              ],
              [
                -596246.1170022081,
                4318022.271879859
              ],
              [
                -596242.7774174843,
                4318022.271879859
              ],
              [
                -596232.7586633129,
                4318011.24631561
              ],
              [
                -596230.5322734971,
                4318012.624510528
              ],
              [
                -596230.5322734971,
                4318015.380900887
              ],
              [
                -596201.5892058908,
                4318037.432049047
              ],
              [
                -596196.023231351,
                4318038.810247301
              ],
              [
                -596204.9287906146,
                4318051.214039475
              ],
              [
                -596203.8155957066,
                4318055.348640026
              ],
              [
                -596155.9482146655,
                4318091.181910998
              ],
              [
                -596149.2690452179,
                4318088.425501325
              ],
              [
                -596143.7030706783,
                4318082.912684087
              ],
              [
                -596115.8731979801,
                4318103.585763219
              ],
              [
                -596122.5523674276,
                4318114.611421578
              ],
              [
                -596121.4391725197,
                4318118.746046359
              ],
              [
                -596079.1377660182,
                4318151.823101498
              ],
              [
                -596074.6849863864,
                4318151.823101498
              ],
              [
                -596066.8926220309,
                4318142.175616636
              ],
              [
                -596039.0627493326,
                4318164.227023249
              ],
              [
                -596044.6287238722,
                4318173.8745277785
              ],
              [
                -596044.6287238722,
                4318178.00917521
              ],
              [
                -596031.2703849771,
                4318186.278474813
              ],
              [
                -596032.383579885,
                4318187.656692029
              ],
              [
                -596015.6856562659,
                4318200.060654867
              ],
              [
                -596015.6856562659,
                4318206.951751478
              ],
              [
                -596202.7024007988,
                4318734.822799124
              ],
              [
                -596203.8155957066,
                4318744.470812547
              ],
              [
                -596204.9287906146,
                4318743.092524389
              ],
              [
                -596213.834349878,
                4318766.52344697
              ],
              [
                -596213.834349878,
                4318770.658320929
              ],
              [
                -596210.4947651542,
                4318774.79319647
              ],
              [
                -596181.551697548,
                4318784.441245543
              ],
              [
                -596181.551697548,
                4318783.062952291
              ],
              [
                -596178.2121128242,
                4318784.441245543
              ],
              [
                -596178.2121128242,
                4318785.819538971
              ],
              [
                -595973.3842497646,
                4318858.869341938
              ],
              [
                -595972.2710548567,
                4318861.6259479355
              ],
              [
                -595976.7238344884,
                4318867.1391620375
              ],
              [
                -595978.9502243042,
                4318868.517466003
              ],
              [
                -595988.9689784757,
                4318861.6259479355
              ],
              [
                -596005.6669020946,
                4318856.112736642
              ],
              [
                -596011.2328766342,
                4318858.869341938
              ],
              [
                -596011.2328766342,
                4318861.6259479355
              ],
              [
                -595991.1953682916,
                4318869.895770145
              ],
              [
                -595988.9689784757,
                4318875.408988463
              ],
              [
                -595982.289809028,
                4318879.543904045
              ],
              [
                -595984.516198844,
                4318891.948660277
              ],
              [
                -595992.3085631995,
                4318912.623285612
              ],
              [
                -595992.3085631995,
                4318919.51483617
              ],
              [
                -595998.9877326471,
                4318927.784702637
              ],
              [
                -596003.4405122787,
                4318947.081082316
              ],
              [
                -596010.1196817263,
                4318956.729285064
              ],
              [
                -596096.9488845451,
                4318927.784702637
              ],
              [
                -596102.5148590847,
                4318929.163014331
              ],
              [
                -596120.3259776117,
                4318978.782352233
              ],
              [
                -596118.0995877958,
                4318984.295626052
              ],
              [
                -596104.7412489007,
                4318989.80890268
              ],
              [
                -596108.0808336245,
                4318999.457143541
              ],
              [
                -596114.7600030721,
                4318996.700502416
              ],
              [
                -596129.2315368752,
                4319038.050193047
              ],
              [
                -596242.7774174843,
                4318996.700502416
              ],
              [
                -596245.0038073002,
                4318992.565542048
              ],
              [
                -596234.9850531288,
                4318964.999179984
              ],
              [
                -596237.2114429447,
                4318963.620863724
              ],
              [
                -596233.8718582209,
                4318960.864231735
              ],
              [
                -596227.1926887733,
                4318941.567827467
              ],
              [
                -596228.3058836812,
                4318940.189514193
              ],
              [
                -596227.1926887733,
                4318937.432888174
              ],
              [
                -596226.0794938653,
                4318937.432888174
              ],
              [
                -596222.7399091414,
                4318927.784702637
              ],
              [
                -596224.9662989574,
                4318923.649768614
              ],
              [
                -596229.4190785891,
                4318922.271457624
              ],
              [
                -596230.5322734971,
                4318923.649768614
              ],
              [
                -596232.7586633129,
                4318920.893146809
              ],
              [
                -596251.6829767479,
                4318914.0015953705
              ],
              [
                -596252.7961716558,
                4318915.379905308
              ],
              [
                -596259.4753411034,
                4318911.244976027
              ],
              [
                -596265.041315643,
                4318914.0015953705
              ],
              [
                -596305.1163323285,
                4319025.64526926
              ],
              [
                -596297.323967973,
                4319028.401917761
              ],
              [
                -596168.1933586529,
                4319075.265049768
              ],
              [
                -596161.5141892052,
                4319075.265049768
              ],
              [
                -596162.6273841131,
                4319076.643380254
              ],
              [
                -596063.5530373071,
                4319111.101699478
              ],
              [
                -596086.9301303737,
                4319180.018667262
              ],
              [
                -596160.4009942972,
                4319155.2085082745
              ],
              [
                -596161.5141892052,
                4319157.965189796
              ],
              [
                -596086.9301303737,
                4319181.3970110975
              ],
              [
                -596131.4579266909,
                4319312.340476354
              ],
              [
                -596262.8149258271,
                4319266.854671888
              ],
              [
                -596263.928120735,
                4319269.611381866
              ],
              [
                -596138.1370961386,
                4319312.340476354
              ],
              [
                -596139.2502910465,
                4319321.989004923
              ],
              [
                -596134.7975114149,
                4319312.340476354
              ],
              [
                -596132.571121599,
                4319313.718837051
              ],
              [
                -596149.2690452179,
                4319364.718306336
              ],
              [
                -596154.8350197576,
                4319385.393835363
              ],
              [
                -596171.5329433767,
                4319435.015266286
              ],
              [
                -596174.8725281004,
                4319443.285526908
              ],
              [
                -596183.7780873639,
                4319446.042281853
              ],
              [
                -596189.3440619035,
                4319454.312550905
              ],
              [
                -596221.6267142335,
                4319484.636924869
              ],
              [
                -596228.3058836812,
                4319481.880160087
              ],
              [
                -596229.4190785891,
                4319484.636924869
              ],
              [
                -596281.739239262,
                4319465.339586146
              ],
              [
                -596287.3052138016,
                4319479.123396006
              ],
              [
                -596285.0788239856,
                4319479.123396006
              ],
              [
                -596280.626044354,
                4319468.096346713
              ],
              [
                -596230.5322734971,
                4319486.015307524
              ],
              [
                -596245.0038073002,
                4319530.123645234
              ],
              [
                -596300.6635526968,
                4319508.069453894
              ],
              [
                -596301.7767476048,
                4319510.826225352
              ],
              [
                -596246.1170022081,
                4319531.502033685
              ],
              [
                -596258.3621461954,
                4319565.9618020775
              ],
              [
                -596314.021891592,
                4319545.2859278675
              ],
              [
                -596314.021891592,
                4319548.042708812
              ],
              [
                -596258.3621461954,
                4319568.718588293
              ],
              [
                -596268.3809003667,
                4319596.286489084
              ],
              [
                -596328.4934253951,
                4319574.2321628295
              ],
              [
                -596329.606620303,
                4319576.988951151
              ],
              [
                -596269.4940952746,
                4319599.0432830285
              ],
              [
                -596277.2864596301,
                4319623.854460147
              ],
              [
                -596340.7385693825,
                4319600.421680265
              ],
              [
                -596341.8517642902,
                4319603.1784752635
              ],
              [
                -596278.3996545381,
                4319625.232860546
              ],
              [
                -596287.3052138016,
                4319650.044097744
              ],
              [
                -596350.7573235537,
                4319627.989661869
              ],
              [
                -596351.8705184617,
                4319629.368062791
              ],
              [
                -596288.4184087096,
                4319652.800905392
              ],
              [
                -596297.323967973,
                4319677.612205835
              ],
              [
                -596359.6628828172,
                4319654.179309478
              ],
              [
                -596360.7760777252,
                4319656.936118178
              ],
              [
                -596297.323967973,
                4319678.990613082
              ],
              [
                -596305.1163323285,
                4319702.423563197
              ],
              [
                -596368.5684420808,
                4319680.369020509
              ],
              [
                -596369.6816369887,
                4319681.747428108
              ],
              [
                -596306.2295272364,
                4319703.801973608
              ],
              [
                -596310.6823068683,
                4319716.207675216
              ],
              [
                -596374.1344166204,
                4319694.153104418
              ],
              [
                -596375.2476115284,
                4319691.3962862305
              ],
              [
                -596373.0212217125,
                4319685.882651963
              ],
              [
                -596386.3795606076,
                4319681.747428108
              ],
              [
                -596387.4927555156,
                4319688.639468746
              ],
              [
                -596411.9830434901,
                4319680.369020509
              ],
              [
                -596408.6434587663,
                4319669.341766029
              ],
              [
                -596411.9830434901,
                4319667.96336001
              ],
              [
                -596403.0774842266,
                4319644.530484557
              ],
              [
                -596388.6059504235,
                4319647.2872908
              ],
              [
                -596389.7191453314,
                4319648.665694184
              ],
              [
                -596377.4740013442,
                4319654.179309478
              ],
              [
                -596376.3608064363,
                4319651.42250148
              ],
              [
                -596386.3795606076,
                4319647.2872908
              ],
              [
                -596320.7010610396,
                4319462.582826281
              ],
              [
                -596306.2295272364,
                4319466.717966341
              ],
              [
                -596305.1163323285,
                4319465.339586146
              ],
              [
                -596321.8142559475,
                4319458.447687803
              ],
              [
                -596319.5878661317,
                4319450.177415587
              ],
              [
                -596328.4934253951,
                4319430.880138348
              ],
              [
                -596338.5121795665,
                4319428.123387266
              ],
              [
                -596344.0781541062,
                4319441.907149698
              ],
              [
                -596388.6059504235,
                4319426.74501199
              ],
              [
                -596390.8323402394,
                4319426.74501199
              ],
              [
                -596395.2851198711,
                4319430.880138348
              ],
              [
                -596415.3226282138,
                4319425.366636887
              ],
              [
                -596499.9254412168,
                4319665.206548498
              ],
              [
                -596492.1330768613,
                4319666.584954166
              ],
              [
                -596492.1330768613,
                4319667.96336001
              ],
              [
                -596483.2275175977,
                4319672.098578595
              ],
              [
                -596482.1143226898,
                4319676.233798761
              ],
              [
                -596547.7928222578,
                4319865.0772044845
              ],
              [
                -596548.9060171657,
                4319869.212498439
              ],
              [
                -596536.6608731786,
                4319874.72622617
              ],
              [
                -596492.1330768613,
                4319749.289615741
              ],
              [
                -596487.6802972294,
                4319750.668032126
              ],
              [
                -596483.2275175977,
                4319760.316951737
              ],
              [
                -596474.3219583343,
                4319764.452205635
              ],
              [
                -596476.5483481502,
                4319771.344298976
              ],
              [
                -596478.774737966,
                4319771.344298976
              ],
              [
                -596479.8879328739,
                4319772.722718172
              ],
              [
                -596483.2275175977,
                4319772.722718172
              ],
              [
                -596487.6802972294,
                4319782.371657459
              ],
              [
                -596484.3407125057,
                4319783.75007806
              ],
              [
                -596481.0011277818,
                4319776.857976813
              ],
              [
                -596474.3219583343,
                4319779.614816784
              ],
              [
                -596477.6615430581,
                4319786.506919788
              ],
              [
                -596474.3219583343,
                4319787.885340916
              ],
              [
                -596469.8691787026,
                4319776.857976813
              ],
              [
                -596475.4351532422,
                4319771.344298976
              ],
              [
                -596473.2087634263,
                4319765.830623951
              ],
              [
                -596457.6240347152,
                4319771.344298976
              ],
              [
                -596454.2844499915,
                4319775.479557089
              ],
              [
                -596455.3976448996,
                4319782.371657459
              ],
              [
                -596468.7559837947,
                4319816.83222519
              ],
              [
                -596465.4163990708,
                4319818.210650182
              ],
              [
                -596452.0580601756,
                4319779.614816784
              ],
              [
                -596449.8316703597,
                4319779.614816784
              ],
              [
                -596446.492085636,
                4319769.965879955
              ],
              [
                -596435.3601365567,
                4319772.722718172
              ],
              [
                -596438.6997212805,
                4319783.75007806
              ],
              [
                -596437.5865263726,
                4319783.75007806
              ],
              [
                -596448.7184754519,
                4319811.318526973
              ],
              [
                -596444.2656958201,
                4319812.6969512645
              ],
              [
                -596435.3601365567,
                4319785.128498836
              ],
              [
                -596434.2469416488,
                4319785.128498836
              ],
              [
                -596432.0205518329,
                4319782.371657459
              ],
              [
                -596422.0017976614,
                4319783.75007806
              ],
              [
                -596407.5302638583,
                4319789.263762222
              ],
              [
                -596407.5302638583,
                4319789.263762222
              ]
            ]
          ],
          [
            [
              [
                -596621.2636861814,
                4320830.021991785
              ],
              [
                -596629.056050537,
                4320849.321765838
              ],
              [
                -596642.4143894322,
                4320857.593108119
              ],
              [
                -596684.7157959336,
                4320858.971665783
              ],
              [
                -596690.2817704732,
                4320861.728781634
              ],
              [
                -596692.5081602891,
                4320872.75725207
              ],
              [
                -596715.8852533557,
                4320893.435664457
              ],
              [
                -596718.1116431715,
                4320896.192789096
              ],
              [
                -596720.3380329874,
                4320893.435664457
              ],
              [
                -596721.4512278953,
                4320896.192789096
              ],
              [
                -596720.3380329874,
                4320897.571351679
              ],
              [
                -596732.5831769748,
                4320905.8427308705
              ],
              [
                -596754.8470751334,
                4320909.978422837
              ],
              [
                -596762.6394394889,
                4320879.650051806
              ],
              [
                -596769.3186089365,
                4320872.75725207
              ],
              [
                -596787.1297274635,
                4320872.75725207
              ],
              [
                -596791.5825070951,
                4320878.271491507
              ],
              [
                -596793.808896911,
                4320894.814226689
              ],
              [
                -596793.808896911,
                4321024.399861236
              ],
              [
                -596793.808896911,
                4320992.692594381
              ],
              [
                -596797.1484816348,
                4320992.692594381
              ],
              [
                -596796.0352867269,
                4321027.15701927
              ],
              [
                -596863.9401761107,
                4321027.15701927
              ],
              [
                -596868.3929557425,
                4321025.778440165
              ],
              [
                -596868.3929557425,
                4320908.599858673
              ],
              [
                -596869.5061506504,
                4320904.464167232
              ],
              [
                -596873.9589302822,
                4320903.08560377
              ],
              [
                -596880.6380997297,
                4320903.08560377
              ],
              [
                -596880.6380997297,
                4320904.464167232
              ],
              [
                -596893.9964386249,
                4320903.08560377
              ],
              [
                -596898.4492182567,
                4320907.221294683
              ],
              [
                -596899.5624131646,
                4321025.778440165
              ],
              [
                -596902.9019978885,
                4321027.15701927
              ],
              [
                -596969.6936923644,
                4321027.15701927
              ],
              [
                -596973.0332770882,
                4321020.2641255045
              ],
              [
                -596973.0332770882,
                4320905.8427308705
              ],
              [
                -596975.2596669041,
                4320903.08560377
              ],
              [
                -596979.7124465357,
                4320901.707040484
              ],
              [
                -596988.6180057992,
                4320901.707040484
              ],
              [
                -596988.6180057992,
                4320598.42738997
              ],
              [
                -597005.3159294182,
                4320598.42738997
              ],
              [
                -597005.3159294182,
                4320901.707040484
              ],
              [
                -597089.9187424211,
                4320901.707040484
              ],
              [
                -597095.4847169608,
                4320903.08560377
              ],
              [
                -597104.3902762242,
                4320901.707040484
              ],
              [
                -597109.9562507638,
                4320903.08560377
              ],
              [
                -597111.0694456719,
                4320907.221294683
              ],
              [
                -597109.9562507638,
                4321023.021282483
              ],
              [
                -597114.4090303957,
                4321027.15701927
              ],
              [
                -597181.2007248716,
                4321027.15701927
              ],
              [
                -597183.4271146874,
                4321025.778440165
              ],
              [
                -597185.6535045033,
                4320905.8427308705
              ],
              [
                -597190.106284135,
                4320901.707040484
              ],
              [
                -597213.4833772016,
                4320903.08560377
              ],
              [
                -597216.8229619254,
                4320907.221294683
              ],
              [
                -597215.7097670175,
                4321013.371236133
              ],
              [
                -597216.8229619254,
                4321025.778440165
              ],
              [
                -597222.3889364651,
                4321027.15701927
              ],
              [
                -597286.9542411253,
                4321027.15701927
              ],
              [
                -597290.2938258491,
                4321020.2641255045
              ],
              [
                -597290.2938258491,
                4320467.468352222
              ],
              [
                -597292.5202156649,
                4320461.954322269
              ],
              [
                -597299.1993851125,
                4320459.197308347
              ],
              [
                -597328.1424527187,
                4320459.197308347
              ],
              [
                -597335.9348170742,
                4320467.468352222
              ],
              [
                -597337.0480119821,
                4320482.6319490895
              ],
              [
                -597337.0480119821,
                4321071.271643425
              ],
              [
                -597334.8216221662,
                4321075.407398668
              ],
              [
                -597331.4820374425,
                4321076.785984099
              ],
              [
                -597324.8028679949,
                4321076.785984099
              ],
              [
                -597324.8028679949,
                4321078.164569707
              ],
              [
                -597318.1236985474,
                4321078.164569707
              ],
              [
                -597318.1236985474,
                4321076.785984099
              ],
              [
                -597266.9167327824,
                4321076.785984099
              ],
              [
                -597212.3701822937,
                4321078.164569707
              ],
              [
                -597211.2569873858,
                4321057.485804043
              ],
              [
                -596786.0165325555,
                4321056.107221071
              ],
              [
                -596744.8283209619,
                4321057.485804043
              ],
              [
                -596564.4907458769,
                4321011.992658785
              ],
              [
                -596552.2456018896,
                4321003.721198393
              ],
              [
                -596542.2268477182,
                4320983.042575099
              ],
              [
                -596621.2636861814,
                4320830.021991785
              ],
              [
                -596621.2636861814,
                4320830.021991785
              ]
            ]
          ],
          [
            [
              [
                -597304.7653596522,
                4319743.77595196
              ],
              [
                -597292.5202156649,
                4319747.911199532
              ],
              [
                -597146.6916827257,
                4319359.204838604
              ],
              [
                -597140.012513278,
                4319339.907723673
              ],
              [
                -597133.3333438304,
                4319326.124091231
              ],
              [
                -597125.5409794749,
                4319324.745728952
              ],
              [
                -597119.9750049353,
                4319319.232281596
              ],
              [
                -597118.8618100274,
                4319310.962115834
              ],
              [
                -597125.5409794749,
                4319302.691956392
              ],
              [
                -597136.6729285542,
                4319302.691956392
              ],
              [
                -597141.125708186,
                4319308.205395317
              ],
              [
                -597304.7653596522,
                4319743.77595196
              ],
              [
                -597304.7653596522,
                4319743.77595196
              ]
            ]
          ]
        ]
      }
    }
  ]
}